-- phpMyAdmin SQL Dump
-- version 4.8.3
-- https://www.phpmyadmin.net/
--
-- 主機: 127.0.0.1
-- 產生時間： 2019 年 01 月 09 日 19:34
-- 伺服器版本: 10.1.37-MariaDB
-- PHP 版本： 7.2.12

SET SQL_MODE = "NO_AUTO_VALUE_ON_ZERO";
SET AUTOCOMMIT = 0;
START TRANSACTION;
SET time_zone = "+00:00";


/*!40101 SET @OLD_CHARACTER_SET_CLIENT=@@CHARACTER_SET_CLIENT */;
/*!40101 SET @OLD_CHARACTER_SET_RESULTS=@@CHARACTER_SET_RESULTS */;
/*!40101 SET @OLD_COLLATION_CONNECTION=@@COLLATION_CONNECTION */;
/*!40101 SET NAMES utf8mb4 */;

--
-- 資料庫： `pms5`
--

-- --------------------------------------------------------

--
-- 資料表結構 `card`
--

CREATE TABLE `card` (
  `customer_id` int(11) NOT NULL COMMENT '來店客人編號',
  `card_id` int(11) NOT NULL COMMENT '客人的會員編號',
  `customer_name` text NOT NULL COMMENT '會員姓名',
  `birthday` date NOT NULL COMMENT '會員生日',
  `phone` text NOT NULL COMMENT '會員電話',
  `gender` text NOT NULL COMMENT '性別'
) ENGINE=InnoDB DEFAULT CHARSET=utf8;

--
-- 資料表的匯出資料 `card`
--

INSERT INTO `card` (`customer_id`, `card_id`, `customer_name`, `birthday`, `phone`, `gender`) VALUES
(1, 111, '莉子', '1998-11-11', '0987654321', '女'),
(2, 222, '小明', '2003-04-25', '0912345678', '男'),
(3, 333, '小三', '1996-02-12', '09333', '男'),
(4, 444, '小四', '2009-01-02', '09444', '女'),
(5, 555, '小五', '2008-04-23', '09555', '女'),
(6, 666, '小六', '2008-04-02', '09666', '女'),
(7, 777, '小七', '2008-06-05', '09777', '男'),
(8, 888, '小八', '2008-09-02', '09888', '女'),
(9, 999, '小九', '2008-09-22', '09999', '男'),
(10, 101010, '小十', '2008-09-03', '09101010', '女'),
(11, 111111, '小十一', '2003-04-23', '09111111', '男'),
(12, 121212, '小十二', '2003-05-29', '09121212', '女'),
(13, 131313, '小十三', '2003-04-23', '09131313', '男'),
(14, 141414, '小十四', '2003-01-15', '09141414', '女'),
(15, 151515, '小十五', '2003-06-20', '09151515', '男'),
(16, 161616, '小十六', '1998-12-30', '09161616', '女'),
(17, 171717, '小十七', '1998-11-26', '09171717', '男'),
(18, 181818, '小十八', '1998-07-19', '09181818', '女'),
(19, 191919, '小十九', '1998-04-23', '09191919', '男'),
(20, 202020, '小二十', '1998-01-02', '09202020', '女'),
(21, 212121, '小二一', '1993-05-18', '09212121', '男'),
(22, 222222, '小二二', '1993-01-22', '09222222', '女'),
(23, 232323, '小二三', '1993-09-23', '09232323', '男'),
(24, 242424, '小二四', '1993-04-24', '09242424', '女'),
(25, 252525, '小二五', '1993-08-08', '09252525', '男'),
(26, 262626, '小二六', '1988-01-03', '09262626', '女'),
(27, 272727, '小二七', '1988-09-14', '09272727', '男'),
(28, 282828, '小二八', '1988-07-12', '09282828', '女'),
(29, 292929, '小二九', '1988-04-26', '09292929', '男'),
(30, 303030, '小三十', '1988-03-24', '09303030', '女'),
(31, 313131, '小31', '1963-05-08', '6751902', '男'),
(32, 323232, '小32', '1978-08-09', '2537272', '男'),
(33, 333333, '小33', '2008-04-05', '5333166', '男'),
(34, 343434, '小34', '1986-07-23', '3010098', '女'),
(35, 353535, '小35', '2006-12-27', '2586357', '男'),
(36, 363636, '小36', '1986-11-20', '1899504', '男'),
(37, 373737, '小37', '1985-06-12', '10677031', '男'),
(38, 383838, '小38', '1961-05-19', '8397077', '男'),
(39, 393939, '小39', '2007-12-08', '9198263', '女'),
(40, 404040, '小40', '1976-01-03', '10104806', '男'),
(41, 414141, '小41', '1972-01-16', '1229643', '男'),
(42, 424242, '小42', '1966-03-01', '7061953', '男'),
(43, 434343, '小43', '1960-12-28', '8087344', '女'),
(44, 444444, '小44', '1994-11-27', '1211323', '男'),
(45, 454545, '小45', '1986-09-26', '2559097', '女'),
(46, 464646, '小46', '1998-05-13', '7082263', '女'),
(47, 474747, '小47', '1983-02-03', '8301345', '女'),
(48, 484848, '小48', '2006-09-05', '5574514', '女'),
(49, 494949, '小49', '1962-06-18', '9938389', '女'),
(50, 505050, '小50', '1998-04-01', '6736246', '男'),
(51, 515151, '小51', '1979-01-22', '8511147', '女'),
(52, 525252, '小52', '1976-03-06', '2797260', '男'),
(53, 535353, '小53', '1989-10-25', '1748437', '男'),
(54, 545454, '小54', '1980-02-10', '2933660', '女'),
(55, 555555, '小55', '2000-05-15', '8842374', '女'),
(56, 565656, '小56', '1982-10-18', '2496918', '男'),
(57, 575757, '小57', '1986-09-19', '3730973', '女'),
(58, 585858, '小58', '1968-02-16', '4633262', '男'),
(59, 595959, '小59', '1962-06-18', '9104048', '女'),
(60, 606060, '小60', '1970-03-23', '10326057', '女'),
(61, 616161, '小61', '2008-07-06', '7988733', '女'),
(62, 626262, '小62', '1995-07-27', '5167014', '男'),
(63, 636363, '小63', '1973-03-08', '10502090', '女'),
(64, 646464, '小64', '1988-10-13', '10408843', '男'),
(65, 656565, '小65', '1975-08-15', '2138606', '男'),
(66, 666666, '小66', '2003-03-21', '6415530', '女'),
(67, 676767, '小67', '1997-07-27', '10897601', '男'),
(68, 686868, '小68', '2006-07-05', '1033114', '女'),
(69, 696969, '小69', '1995-01-21', '8297884', '女'),
(70, 707070, '小70', '2006-06-21', '3555893', '女'),
(71, 717171, '小71', '1967-10-15', '4116822', '女'),
(72, 727272, '小72', '1973-03-15', '10459849', '男'),
(73, 737373, '小73', '1971-02-10', '2066589', '男'),
(74, 747474, '小74', '2001-04-25', '2724103', '女'),
(75, 757575, '小75', '1980-10-07', '10009910', '男'),
(76, 767676, '小76', '1982-07-19', '8403672', '女'),
(77, 777777, '小77', '2001-03-02', '3800967', '女'),
(78, 787878, '小78', '1971-05-28', '6006869', '男'),
(79, 797979, '小79', '2006-03-19', '9196683', '男'),
(80, 808080, '小80', '1994-07-10', '2696016', '男'),
(81, 818181, '小81', '1983-10-03', '6129396', '男'),
(82, 828282, '小82', '2005-11-05', '1951585', '男'),
(83, 838383, '小83', '1987-09-07', '7144323', '女'),
(84, 848484, '小84', '2002-07-10', '4943199', '男'),
(85, 858585, '小85', '1980-02-27', '8309687', '男'),
(86, 868686, '小86', '1963-06-01', '4134358', '女'),
(87, 878787, '小87', '1971-05-02', '10183823', '女'),
(88, 888888, '小88', '2007-12-20', '5110921', '女'),
(89, 898989, '小89', '1989-08-12', '7755979', '男'),
(90, 909090, '小90', '1961-05-19', '1631741', '女'),
(91, 919191, '小91', '1987-11-14', '10624339', '女'),
(92, 929292, '小92', '2005-10-24', '2556532', '男'),
(93, 939393, '小93', '1973-08-02', '3538497', '女'),
(94, 949494, '小94', '1968-03-26', '10632391', '女'),
(95, 959595, '小95', '1992-12-01', '8511127', '男'),
(96, 969696, '小96', '1963-06-24', '8431489', '女'),
(97, 979797, '小97', '1977-12-26', '10019020', '女'),
(98, 989898, '小98', '2007-10-21', '7962132', '男'),
(99, 999999, '小99', '1960-05-02', '3754358', '男'),
(100, 100100100, '小100', '1993-05-23', '10524927', '男'),
(101, 101101101, '小101', '2003-11-16', '4705528', '男'),
(102, 102102102, '小102', '2007-12-13', '2717654', '男'),
(103, 103103103, '小103', '1979-09-08', '5169079', '男'),
(104, 104104104, '小104', '1975-07-18', '2853676', '男'),
(105, 105105105, '小105', '1985-07-13', '10848466', '女'),
(106, 106106106, '小106', '1985-06-06', '3149532', '男'),
(107, 107107107, '小107', '1960-06-08', '4222275', '女'),
(108, 108108108, '小108', '1960-08-13', '3813868', '女'),
(109, 109109109, '小109', '1980-02-16', '8076195', '男'),
(110, 110110110, '小110', '1990-11-05', '2621896', '女'),
(111, 111111111, '小111', '1989-03-22', '9475465', '女'),
(112, 112112112, '小112', '1966-01-27', '8505890', '男'),
(113, 113113113, '小113', '1992-07-04', '4157146', '男'),
(114, 114114114, '小114', '2004-12-18', '4957772', '女'),
(115, 115115115, '小115', '1975-06-04', '1921876', '女'),
(116, 116116116, '小116', '1998-07-28', '3081973', '男'),
(117, 117117117, '小117', '1987-10-07', '6579086', '女'),
(118, 118118118, '小118', '1962-02-06', '10648167', '女'),
(119, 119119119, '小119', '1963-10-20', '3861649', '男'),
(120, 120120120, '小120', '1961-05-17', '9134706', '男'),
(121, 121121121, '小121', '1969-03-08', '2355057', '女'),
(122, 122122122, '小122', '1970-05-09', '4114095', '男'),
(123, 123123123, '小123', '1983-05-25', '6278481', '男'),
(124, 124124124, '小124', '1961-05-03', '3557003', '男'),
(125, 125125125, '小125', '1988-10-21', '4466068', '男'),
(126, 126126126, '小126', '1974-02-08', '2546848', '女'),
(127, 127127127, '小127', '1990-11-01', '6588778', '女'),
(128, 128128128, '小128', '1984-07-26', '5316700', '男'),
(129, 129129129, '小129', '1972-08-28', '5754733', '男'),
(130, 130130130, '小130', '1987-09-11', '9179201', '男'),
(131, 131131131, '小131', '1977-04-12', '1493006', '女'),
(132, 132132132, '小132', '1979-12-06', '2574602', '男'),
(133, 133133133, '小133', '1980-06-05', '10842599', '女'),
(134, 134134134, '小134', '1994-11-04', '10205566', '女'),
(135, 135135135, '小135', '1969-12-18', '3482527', '女'),
(136, 136136136, '小136', '1967-11-20', '2176556', '男'),
(137, 137137137, '小137', '1994-08-06', '4472065', '男'),
(138, 138138138, '小138', '2005-12-17', '9690030', '女'),
(139, 139139139, '小139', '1999-02-28', '10591065', '女'),
(140, 140140140, '小140', '1985-06-18', '2072406', '男'),
(141, 141141141, '小141', '1985-06-28', '8502682', '男'),
(142, 142142142, '小142', '1980-01-28', '2945004', '女'),
(143, 143143143, '小143', '1967-03-07', '9834311', '男'),
(144, 144144144, '小144', '1978-08-09', '7263878', '女'),
(145, 145145145, '小145', '1962-10-03', '4993002', '女'),
(146, 146146146, '小146', '1995-02-09', '9680265', '女'),
(147, 147147147, '小147', '1997-03-26', '4132441', '男'),
(148, 148148148, '小148', '1979-04-09', '6373315', '女'),
(149, 149149149, '小149', '1976-03-22', '9639010', '女'),
(150, 150150150, '小150', '1984-11-02', '1491042', '女'),
(151, 151151151, '小151', '1965-04-28', '8752082', '女'),
(152, 152152152, '小152', '1977-12-20', '6328646', '男'),
(153, 153153153, '小153', '1992-02-14', '10670608', '男'),
(154, 154154154, '小154', '1979-02-21', '9524346', '女'),
(155, 155155155, '小155', '1969-03-02', '5416009', '男'),
(156, 156156156, '小156', '1988-09-01', '2854657', '女'),
(157, 157157157, '小157', '1985-04-18', '3793018', '男'),
(158, 158158158, '小158', '1988-06-05', '9822286', '女'),
(159, 159159159, '小159', '1976-05-24', '1939785', '男'),
(160, 160160160, '小160', '1988-09-10', '9012409', '女'),
(161, 161161161, '小161', '1975-08-01', '3555511', '女'),
(162, 162162162, '小162', '1970-01-20', '8113098', '女'),
(163, 163163163, '小163', '1965-03-19', '1459472', '男'),
(164, 164164164, '小164', '1969-03-25', '3520290', '女'),
(165, 165165165, '小165', '1979-05-05', '7666581', '男'),
(166, 166166166, '小166', '1995-02-09', '1959065', '男'),
(167, 167167167, '小167', '1973-08-03', '2624938', '男'),
(168, 168168168, '小168', '1960-08-05', '6145446', '男'),
(169, 169169169, '小169', '1962-05-21', '7524095', '女'),
(170, 170170170, '小170', '1986-07-10', '6005236', '男'),
(171, 171171171, '小171', '1984-06-22', '6295962', '男'),
(172, 172172172, '小172', '1980-12-21', '1719227', '女'),
(173, 173173173, '小173', '1972-02-19', '6654867', '男'),
(174, 174174174, '小174', '1964-07-06', '3106248', '女'),
(175, 175175175, '小175', '1973-08-03', '2247130', '男'),
(176, 176176176, '小176', '1977-08-15', '1931638', '女'),
(177, 177177177, '小177', '1981-08-05', '1694721', '女'),
(178, 178178178, '小178', '1964-08-27', '10529897', '男'),
(179, 179179179, '小179', '1977-04-23', '8570630', '女'),
(180, 180180180, '小180', '1980-09-09', '7207682', '女'),
(181, 181181181, '小181', '2003-04-23', '4164825', '男'),
(182, 182182182, '小182', '1972-01-24', '5350881', '女'),
(183, 183183183, '小183', '1980-10-06', '1326364', '女'),
(184, 184184184, '小184', '1966-03-22', '10890807', '女'),
(185, 185185185, '小185', '1962-10-23', '5462402', '女'),
(186, 186186186, '小186', '2000-07-03', '9844273', '男'),
(187, 187187187, '小187', '1987-10-02', '8043919', '女'),
(188, 188188188, '小188', '2002-06-05', '9102411', '男'),
(189, 189189189, '小189', '1971-10-10', '8120658', '女'),
(190, 190190190, '小190', '1985-11-15', '4622323', '男'),
(191, 191191191, '小191', '1971-09-05', '10709557', '女'),
(192, 192192192, '小192', '1969-07-24', '1162294', '女'),
(193, 193193193, '小193', '1997-05-28', '9221532', '男'),
(194, 194194194, '小194', '1983-05-03', '6233942', '女'),
(195, 195195195, '小195', '1989-03-18', '2537099', '男'),
(196, 196196196, '小196', '1974-10-14', '3524653', '女'),
(197, 197197197, '小197', '2003-12-24', '1004872', '男'),
(198, 198198198, '小198', '2007-02-20', '9585271', '女'),
(199, 199199199, '小199', '1996-05-27', '1305481', '女'),
(200, 200200200, '小200', '1972-05-08', '1961099', '女'),
(201, 201201201, '小201', '2002-03-07', '9876052', '男'),
(202, 202202202, '小202', '2006-06-10', '9627125', '女'),
(203, 203203203, '小203', '1998-03-03', '1857731', '女'),
(204, 204204204, '小204', '1975-07-10', '9181702', '男'),
(205, 205205205, '小205', '1961-03-28', '5596072', '男'),
(206, 206206206, '小206', '1980-02-02', '7006362', '男'),
(207, 207207207, '小207', '2002-02-25', '8113130', '男'),
(208, 208208208, '小208', '1975-04-02', '6666494', '女'),
(209, 209209209, '小209', '1988-12-18', '6675465', '男'),
(210, 210210210, '小210', '2006-02-15', '9309243', '女'),
(211, 211211211, '小211', '1961-06-27', '5462056', '男'),
(212, 212212212, '小212', '1984-11-07', '9704772', '男'),
(213, 213213213, '小213', '1986-10-19', '2922443', '男'),
(214, 214214214, '小214', '1965-03-17', '3046302', '女'),
(215, 215215215, '小215', '1978-12-15', '1391278', '男'),
(216, 216216216, '小216', '1995-06-23', '8797223', '男'),
(217, 217217217, '小217', '1979-10-22', '6201749', '男'),
(218, 218218218, '小218', '1963-01-24', '6457943', '男'),
(219, 219219219, '小219', '1971-05-16', '8502614', '女'),
(220, 220220220, '小220', '1970-07-24', '3877991', '男'),
(221, 221221221, '小221', '1999-09-09', '10486024', '女'),
(222, 222222222, '小222', '1981-08-01', '10674193', '男'),
(223, 223223223, '小223', '1960-12-12', '1371673', '男'),
(224, 224224224, '小224', '1967-09-25', '3626113', '女'),
(225, 225225225, '小225', '1985-07-06', '8739965', '男'),
(226, 226226226, '小226', '1970-10-13', '5603470', '女'),
(227, 227227227, '小227', '1961-07-19', '6979034', '男'),
(228, 228228228, '小228', '1994-10-05', '4907601', '男'),
(229, 229229229, '小229', '1989-12-21', '2677614', '男'),
(230, 230230230, '小230', '1972-07-18', '5023134', '女'),
(231, 231231231, '小231', '1971-01-21', '8974526', '女'),
(232, 232232232, '小232', '1981-02-06', '6498761', '女'),
(233, 233233233, '小233', '1971-02-23', '3291593', '女'),
(234, 234234234, '小234', '1986-06-12', '9542906', '女'),
(235, 235235235, '小235', '2003-08-27', '9222265', '男'),
(236, 236236236, '小236', '1987-10-18', '1795341', '男'),
(237, 237237237, '小237', '1975-04-28', '1164968', '男'),
(238, 238238238, '小238', '1981-06-04', '10839398', '男'),
(239, 239239239, '小239', '1973-12-18', '1479426', '女'),
(240, 240240240, '小240', '1980-09-21', '2793218', '女'),
(241, 241241241, '小241', '1974-07-09', '4059911', '女'),
(242, 242242242, '小242', '2008-05-22', '4124377', '男'),
(243, 243243243, '小243', '1965-01-21', '5387540', '男'),
(244, 244244244, '小244', '1970-01-08', '8903186', '男'),
(245, 245245245, '小245', '2008-12-25', '3121349', '女'),
(246, 246246246, '小246', '1987-05-16', '2038739', '女'),
(247, 247247247, '小247', '1977-03-10', '6595944', '女'),
(248, 248248248, '小248', '1967-10-10', '7439006', '女'),
(249, 249249249, '小249', '1990-11-23', '3738874', '女'),
(250, 250250250, '小250', '2000-07-12', '3765195', '男'),
(251, 251251251, '小251', '1995-01-17', '1845403', '男'),
(252, 252252252, '小252', '1994-04-21', '6252073', '女'),
(253, 253253253, '小253', '2004-08-17', '5984088', '女'),
(254, 254254254, '小254', '1969-06-09', '10837309', '男'),
(255, 255255255, '小255', '2005-08-06', '3445330', '女'),
(256, 256256256, '小256', '1986-04-13', '7423124', '女'),
(257, 257257257, '小257', '1985-01-02', '6563500', '男'),
(258, 258258258, '小258', '1997-11-25', '8415172', '女'),
(259, 259259259, '小259', '1970-08-14', '5474544', '女'),
(260, 260260260, '小260', '1974-07-11', '7951106', '男'),
(261, 261261261, '小261', '1985-09-24', '7702819', '女'),
(262, 262262262, '小262', '1979-03-07', '10261811', '男'),
(263, 263263263, '小263', '1985-03-18', '4479945', '女'),
(264, 264264264, '小264', '2008-04-14', '9909611', '男'),
(265, 265265265, '小265', '1985-05-10', '9154621', '女'),
(266, 266266266, '小266', '2004-11-01', '10051588', '男'),
(267, 267267267, '小267', '2001-02-21', '8904718', '女'),
(268, 268268268, '小268', '1983-09-13', '1342817', '女'),
(269, 269269269, '小269', '1985-06-26', '9090075', '女'),
(270, 270270270, '小270', '2007-02-14', '2095939', '男'),
(271, 271271271, '小271', '1987-06-17', '3555195', '女'),
(272, 272272272, '小272', '1989-02-25', '1552452', '男'),
(273, 273273273, '小273', '1989-07-26', '7067392', '男'),
(274, 274274274, '小274', '1987-09-16', '9696051', '女'),
(275, 275275275, '小275', '1984-12-02', '9477288', '女'),
(276, 276276276, '小276', '1988-12-11', '3876696', '男'),
(277, 277277277, '小277', '2001-07-26', '2697353', '女'),
(278, 278278278, '小278', '2007-12-06', '8681253', '男'),
(279, 279279279, '小279', '1986-03-28', '4488841', '男'),
(280, 280280280, '小280', '1985-06-23', '2578712', '女'),
(281, 281281281, '小281', '2006-12-03', '9697010', '男'),
(282, 282282282, '小282', '1987-05-22', '3536390', '男'),
(283, 283283283, '小283', '1965-01-04', '4792154', '男'),
(284, 284284284, '小284', '1998-10-05', '4194551', '男'),
(285, 285285285, '小285', '1961-12-09', '7962279', '女'),
(286, 286286286, '小286', '1999-08-15', '4267768', '男'),
(287, 287287287, '小287', '1967-01-27', '3873597', '男'),
(288, 288288288, '小288', '1997-12-27', '3870299', '男'),
(289, 289289289, '小289', '1990-11-05', '10438983', '女'),
(290, 290290290, '小290', '1973-05-03', '2388462', '男'),
(291, 291291291, '小291', '1972-09-20', '7329749', '女'),
(292, 292292292, '小292', '1988-04-15', '1981062', '男'),
(293, 293293293, '小293', '1997-06-06', '9411780', '男'),
(294, 294294294, '小294', '1965-01-17', '5206593', '女'),
(295, 295295295, '小295', '1978-04-13', '2675358', '女'),
(296, 296296296, '小296', '2001-03-12', '10671462', '女'),
(297, 297297297, '小297', '2000-05-19', '6044305', '男'),
(298, 298298298, '小298', '1966-07-20', '5199828', '女'),
(299, 299299299, '小299', '1976-04-13', '2708280', '男'),
(300, 300300300, '小300', '1979-05-22', '8187892', '男'),
(301, 301301301, '小301', '1995-08-14', '9259763', '男'),
(302, 302302302, '小302', '1992-02-09', '8824809', '男'),
(303, 303303303, '小303', '1994-09-03', '8844367', '男'),
(304, 304304304, '小304', '1988-08-13', '7523900', '女'),
(305, 305305305, '小305', '1971-04-22', '5332637', '男'),
(306, 306306306, '小306', '1989-01-12', '7546908', '男'),
(307, 307307307, '小307', '2001-07-05', '6178993', '男'),
(308, 308308308, '小308', '1973-11-24', '2371942', '男'),
(309, 309309309, '小309', '1990-10-25', '5402234', '女'),
(310, 310310310, '小310', '2003-12-02', '5248509', '女'),
(311, 311311311, '小311', '1994-03-17', '5135579', '男'),
(312, 312312312, '小312', '1972-03-11', '6858436', '男'),
(313, 313313313, '小313', '1998-06-22', '6284896', '男'),
(314, 314314314, '小314', '1980-01-02', '4322006', '男'),
(315, 315315315, '小315', '2004-09-14', '5594470', '女'),
(316, 316316316, '小316', '1994-08-23', '5414126', '男'),
(317, 317317317, '小317', '2004-09-19', '5584542', '女'),
(318, 318318318, '小318', '1991-07-16', '2074702', '男'),
(319, 319319319, '小319', '2007-10-14', '8058379', '男'),
(320, 320320320, '小320', '1994-04-19', '7454146', '女'),
(321, 321321321, '小321', '1966-02-06', '2046447', '男'),
(322, 322322322, '小322', '2006-07-04', '7327763', '男'),
(323, 323323323, '小323', '1987-07-20', '3511359', '女'),
(324, 324324324, '小324', '1960-05-22', '1589260', '男'),
(325, 325325325, '小325', '1979-07-11', '3076401', '女'),
(326, 326326326, '小326', '1967-06-19', '10505860', '女'),
(327, 327327327, '小327', '2003-03-03', '4300287', '女'),
(328, 328328328, '小328', '1977-02-06', '8612523', '女'),
(329, 329329329, '小329', '2002-01-11', '3118979', '女'),
(330, 330330330, '小330', '1965-05-26', '7132120', '女'),
(331, 331331331, '小331', '1992-07-08', '7864920', '女'),
(332, 332332332, '小332', '1980-10-21', '1545528', '男'),
(333, 333333333, '小333', '1991-11-14', '9665179', '男'),
(334, 334334334, '小334', '1985-03-15', '5783235', '男'),
(335, 335335335, '小335', '1963-09-03', '2030968', '男'),
(336, 336336336, '小336', '2007-10-02', '1879881', '女'),
(337, 337337337, '小337', '1999-05-05', '5202427', '女'),
(338, 338338338, '小338', '1971-09-02', '6036417', '男'),
(339, 339339339, '小339', '1991-07-14', '5157214', '男'),
(340, 340340340, '小340', '1962-03-08', '2850899', '女'),
(341, 341341341, '小341', '1973-02-07', '1597341', '男'),
(342, 342342342, '小342', '1976-04-17', '6357406', '男'),
(343, 343343343, '小343', '2001-08-12', '9529566', '男'),
(344, 344344344, '小344', '2005-12-09', '6518832', '男'),
(345, 345345345, '小345', '1961-04-07', '4321990', '女'),
(346, 346346346, '小346', '2007-08-02', '10661670', '男'),
(347, 347347347, '小347', '1992-02-18', '9685891', '女'),
(348, 348348348, '小348', '1979-07-04', '6222130', '男'),
(349, 349349349, '小349', '1976-02-15', '8520682', '男'),
(350, 350350350, '小350', '2006-02-27', '3769831', '男'),
(351, 351351351, '小351', '1960-12-27', '9490919', '男'),
(352, 352352352, '小352', '1993-04-06', '4637170', '女'),
(353, 353353353, '小353', '1974-02-18', '6931339', '女'),
(354, 354354354, '小354', '1987-06-24', '6207376', '女'),
(355, 355355355, '小355', '1985-01-07', '7274983', '女'),
(356, 356356356, '小356', '1981-07-19', '2096078', '女'),
(357, 357357357, '小357', '1965-09-26', '7317193', '男'),
(358, 358358358, '小358', '1999-01-23', '4298699', '女'),
(359, 359359359, '小359', '1974-10-07', '4645934', '女'),
(360, 360360360, '小360', '1965-06-13', '7489031', '男'),
(361, 361361361, '小361', '1990-01-25', '7043207', '男'),
(362, 362362362, '小362', '1996-07-06', '5595175', '男'),
(363, 363363363, '小363', '1973-07-02', '8142336', '女'),
(364, 364364364, '小364', '1966-11-03', '1678724', '男'),
(365, 365365365, '小365', '1972-02-15', '5823467', '女'),
(366, 366366366, '小366', '1968-08-20', '3787970', '女'),
(367, 367367367, '小367', '1991-08-02', '5364890', '女'),
(368, 368368368, '小368', '1998-09-15', '7130742', '男'),
(369, 369369369, '小369', '1965-03-10', '3938066', '男'),
(370, 370370370, '小370', '1974-02-15', '6702762', '男'),
(371, 371371371, '小371', '1970-08-22', '10109849', '女'),
(372, 372372372, '小372', '1981-11-07', '3207979', '男'),
(373, 373373373, '小373', '1964-10-19', '4071313', '女'),
(374, 374374374, '小374', '1965-09-18', '2730843', '女'),
(375, 375375375, '小375', '1978-05-17', '6571235', '男'),
(376, 376376376, '小376', '1981-06-22', '10437906', '女'),
(377, 377377377, '小377', '2002-11-03', '1289130', '男'),
(378, 378378378, '小378', '2005-08-11', '10688525', '男'),
(379, 379379379, '小379', '1960-08-09', '3495427', '男'),
(380, 380380380, '小380', '1961-10-19', '6279252', '男'),
(381, 381381381, '小381', '1965-11-10', '1102567', '男'),
(382, 382382382, '小382', '1980-10-01', '7875241', '男'),
(383, 383383383, '小383', '1998-06-24', '8286760', '女'),
(384, 384384384, '小384', '1999-01-28', '7343277', '女'),
(385, 385385385, '小385', '1962-06-12', '8065654', '女'),
(386, 386386386, '小386', '1966-01-02', '4843655', '女'),
(387, 387387387, '小387', '1961-04-28', '2653743', '女'),
(388, 388388388, '小388', '1986-02-23', '1556073', '女'),
(389, 389389389, '小389', '1967-04-23', '5101505', '女'),
(390, 390390390, '小390', '1996-12-21', '4295538', '男'),
(391, 391391391, '小391', '1984-05-02', '10487240', '女'),
(392, 392392392, '小392', '1981-02-15', '4113908', '男'),
(393, 393393393, '小393', '1970-02-14', '2679831', '男'),
(394, 394394394, '小394', '1977-09-05', '10773579', '男'),
(395, 395395395, '小395', '1997-07-10', '5600587', '男'),
(396, 396396396, '小396', '1979-09-19', '2025209', '女'),
(397, 397397397, '小397', '1977-05-15', '9317588', '男'),
(398, 398398398, '小398', '2008-02-23', '10302798', '女'),
(399, 399399399, '小399', '2007-01-19', '10446565', '女'),
(400, 400400400, '小400', '1960-04-13', '3960249', '女'),
(401, 401401401, '小401', '1974-01-17', '7420759', '女'),
(402, 402402402, '小402', '2001-04-06', '9998430', '女'),
(403, 403403403, '小403', '2007-05-25', '4001960', '男'),
(404, 404404404, '小404', '2003-04-20', '3481348', '男'),
(405, 405405405, '小405', '1981-03-18', '6365635', '女'),
(406, 406406406, '小406', '2002-06-02', '7155566', '女'),
(407, 407407407, '小407', '1977-10-09', '8676632', '女'),
(408, 408408408, '小408', '1980-04-17', '6683627', '男'),
(409, 409409409, '小409', '1978-11-25', '5490442', '男'),
(410, 410410410, '小410', '1965-05-27', '4537232', '女'),
(411, 411411411, '小411', '2007-02-14', '2875942', '女'),
(412, 412412412, '小412', '1964-02-24', '10141442', '男'),
(413, 413413413, '小413', '1996-09-27', '9049850', '女'),
(414, 414414414, '小414', '1986-10-13', '8056311', '男'),
(415, 415415415, '小415', '1989-09-14', '4429276', '女'),
(416, 416416416, '小416', '1966-10-04', '4761958', '男'),
(417, 417417417, '小417', '1984-06-09', '9011095', '女'),
(418, 418418418, '小418', '2006-05-27', '2173589', '女'),
(419, 419419419, '小419', '2007-11-04', '9758216', '男'),
(420, 420420420, '小420', '1977-01-21', '4382383', '女'),
(421, 421421421, '小421', '2008-11-19', '7345875', '女'),
(422, 422422422, '小422', '1990-07-06', '10012701', '男'),
(423, 423423423, '小423', '2005-05-27', '4837704', '男'),
(424, 424424424, '小424', '1991-10-20', '3445866', '女'),
(425, 425425425, '小425', '1997-08-18', '9772144', '女'),
(426, 426426426, '小426', '1999-08-14', '6238134', '男'),
(427, 427427427, '小427', '1994-11-20', '6317287', '男'),
(428, 428428428, '小428', '1968-11-14', '6831067', '女'),
(429, 429429429, '小429', '1999-05-18', '8475925', '女'),
(430, 430430430, '小430', '1971-05-20', '1993708', '女'),
(431, 431431431, '小431', '1965-10-27', '3672258', '男'),
(432, 432432432, '小432', '1964-12-27', '10649674', '女'),
(433, 433433433, '小433', '1978-08-19', '6124589', '女'),
(434, 434434434, '小434', '1974-10-04', '10003608', '女'),
(435, 435435435, '小435', '1993-06-14', '1320556', '男'),
(436, 436436436, '小436', '1982-01-23', '10265773', '男'),
(437, 437437437, '小437', '1996-08-07', '8992242', '女'),
(438, 438438438, '小438', '1991-03-04', '10437094', '女'),
(439, 439439439, '小439', '1988-12-03', '4482345', '女'),
(440, 440440440, '小440', '2008-07-15', '1764868', '男'),
(441, 441441441, '小441', '2008-06-01', '10985643', '男'),
(442, 442442442, '小442', '2006-02-18', '8594222', '女'),
(443, 443443443, '小443', '1980-09-02', '8868962', '女'),
(444, 444444444, '小444', '2006-03-25', '8740846', '女'),
(445, 445445445, '小445', '1960-11-19', '7917844', '女'),
(446, 446446446, '小446', '1992-03-28', '6811232', '女'),
(447, 447447447, '小447', '1969-04-15', '3047614', '男'),
(448, 448448448, '小448', '1969-08-10', '7100204', '女'),
(449, 449449449, '小449', '1963-11-08', '9542846', '女'),
(450, 450450450, '小450', '1975-09-26', '10452394', '男'),
(451, 451451451, '小451', '1965-03-23', '3808485', '女'),
(452, 452452452, '小452', '1989-08-18', '5716212', '男'),
(453, 453453453, '小453', '1971-03-06', '5088941', '男'),
(454, 454454454, '小454', '1976-03-18', '1681432', '男'),
(455, 455455455, '小455', '1981-01-19', '3490425', '女'),
(456, 456456456, '小456', '1979-03-27', '2414976', '女'),
(457, 457457457, '小457', '2007-10-07', '5259594', '女'),
(458, 458458458, '小458', '2004-03-02', '7368436', '女'),
(459, 459459459, '小459', '2005-08-05', '9331284', '女'),
(460, 460460460, '小460', '1974-10-04', '3193191', '男'),
(461, 461461461, '小461', '2008-06-19', '8838306', '女'),
(462, 462462462, '小462', '2003-08-05', '3038915', '男'),
(463, 463463463, '小463', '1975-03-22', '3923938', '女'),
(464, 464464464, '小464', '1965-04-14', '9367376', '男'),
(465, 465465465, '小465', '1980-11-03', '6857701', '女'),
(466, 466466466, '小466', '1979-12-13', '10796387', '女'),
(467, 467467467, '小467', '1962-08-18', '5622234', '女'),
(468, 468468468, '小468', '1977-07-13', '9090439', '女'),
(469, 469469469, '小469', '1962-02-15', '9085258', '女'),
(470, 470470470, '小470', '1962-05-08', '5454193', '女'),
(471, 471471471, '小471', '1986-11-16', '10092719', '男'),
(472, 472472472, '小472', '2003-11-16', '3099162', '男'),
(473, 473473473, '小473', '1990-03-04', '10183145', '男'),
(474, 474474474, '小474', '1991-04-11', '6262889', '男'),
(475, 475475475, '小475', '1969-12-08', '6277124', '男'),
(476, 476476476, '小476', '2001-04-27', '9047802', '男'),
(477, 477477477, '小477', '1968-06-02', '10013569', '男'),
(478, 478478478, '小478', '1981-12-06', '9626371', '男'),
(479, 479479479, '小479', '1995-08-27', '5815196', '男'),
(480, 480480480, '小480', '1997-03-07', '8686591', '男'),
(481, 481481481, '小481', '1964-01-02', '4023561', '男'),
(482, 482482482, '小482', '1973-02-28', '10159497', '男'),
(483, 483483483, '小483', '1980-03-15', '9956736', '女'),
(484, 484484484, '小484', '1960-08-13', '6876512', '男'),
(485, 485485485, '小485', '1961-03-07', '4630540', '男'),
(486, 486486486, '小486', '1966-07-12', '9437202', '男'),
(487, 487487487, '小487', '2003-06-17', '4579848', '男'),
(488, 488488488, '小488', '1993-09-05', '6675631', '男'),
(489, 489489489, '小489', '1967-05-04', '8555457', '女'),
(490, 490490490, '小490', '1995-07-04', '1703920', '男'),
(491, 491491491, '小491', '1964-01-05', '2990845', '女'),
(492, 492492492, '小492', '1969-01-08', '2271685', '男'),
(493, 493493493, '小493', '1993-11-07', '10059564', '男'),
(494, 494494494, '小494', '1980-11-19', '5943006', '男'),
(495, 495495495, '小495', '1981-01-26', '9249413', '男'),
(496, 496496496, '小496', '1969-09-05', '2645793', '男'),
(497, 497497497, '小497', '1995-03-22', '1608510', '男'),
(498, 498498498, '小498', '1964-07-24', '4395537', '女'),
(499, 499499499, '小499', '1982-07-28', '6666288', '女'),
(500, 500500500, '小500', '1999-09-18', '10393367', '女'),
(501, 501501501, '小501', '1978-11-20', '7427711', '男'),
(502, 502502502, '小502', '1999-04-24', '7363932', '男'),
(503, 503503503, '小503', '1965-07-24', '10680729', '男'),
(504, 504504504, '小504', '2003-09-02', '9363735', '女'),
(505, 505505505, '小505', '1967-12-15', '10267884', '女'),
(506, 506506506, '小506', '1982-11-04', '9429772', '男'),
(507, 507507507, '小507', '1969-12-01', '5346260', '男'),
(508, 508508508, '小508', '1972-01-25', '6080402', '女'),
(509, 509509509, '小509', '1962-03-02', '8877426', '男'),
(510, 510510510, '小510', '2001-03-16', '4777553', '男'),
(511, 511511511, '小511', '1965-11-05', '4356063', '女'),
(512, 512512512, '小512', '1994-05-09', '9538193', '女'),
(513, 513513513, '小513', '2000-12-03', '9648326', '男'),
(514, 514514514, '小514', '1981-08-04', '4032515', '男'),
(515, 515515515, '小515', '1962-04-18', '8698929', '女'),
(516, 516516516, '小516', '1999-03-06', '6855308', '男'),
(517, 517517517, '小517', '1977-04-17', '3560291', '男'),
(518, 518518518, '小518', '1977-11-05', '5944930', '女'),
(519, 519519519, '小519', '1963-07-12', '5093562', '男'),
(520, 520520520, '小520', '1966-10-13', '6372526', '男'),
(521, 521521521, '小521', '1995-06-26', '2393966', '女'),
(522, 522522522, '小522', '2005-07-06', '1581537', '男'),
(523, 523523523, '小523', '1999-10-05', '10990496', '男'),
(524, 524524524, '小524', '1980-11-22', '8636228', '男'),
(525, 525525525, '小525', '1962-11-25', '1061483', '女'),
(526, 526526526, '小526', '1993-02-14', '2306083', '女'),
(527, 527527527, '小527', '1994-08-22', '3424305', '男'),
(528, 528528528, '小528', '2000-07-02', '1017694', '男'),
(529, 529529529, '小529', '1964-12-21', '7106164', '男'),
(530, 530530530, '小530', '1986-11-11', '9568143', '女'),
(531, 531531531, '小531', '1998-06-04', '8023292', '女'),
(532, 532532532, '小532', '1981-03-01', '10780252', '男'),
(533, 533533533, '小533', '1962-10-11', '10612616', '女'),
(534, 534534534, '小534', '1988-05-23', '4188950', '男'),
(535, 535535535, '小535', '1996-01-27', '6703982', '男'),
(536, 536536536, '小536', '1965-06-12', '10519157', '女'),
(537, 537537537, '小537', '1993-04-19', '8803334', '男'),
(538, 538538538, '小538', '2004-10-09', '6307991', '女'),
(539, 539539539, '小539', '1971-05-11', '6305834', '女'),
(540, 540540540, '小540', '1998-01-20', '6037680', '女'),
(541, 541541541, '小541', '1980-11-19', '5294987', '女'),
(542, 542542542, '小542', '1971-03-12', '9794695', '男'),
(543, 543543543, '小543', '1979-03-22', '7242656', '男'),
(544, 544544544, '小544', '1975-01-15', '7698630', '女'),
(545, 545545545, '小545', '1998-05-10', '4530216', '男'),
(546, 546546546, '小546', '1970-02-14', '4444273', '男'),
(547, 547547547, '小547', '1960-10-27', '7485114', '男'),
(548, 548548548, '小548', '1982-10-09', '3988424', '女'),
(549, 549549549, '小549', '1976-09-17', '7229987', '女'),
(550, 550550550, '小550', '1992-10-18', '1426576', '男'),
(551, 551551551, '小551', '1970-04-13', '7682914', '男'),
(552, 552552552, '小552', '1991-05-16', '1209754', '男'),
(553, 553553553, '小553', '2003-03-23', '5781421', '男'),
(554, 554554554, '小554', '1996-07-05', '3766668', '女'),
(555, 555555555, '小555', '1978-01-04', '9498649', '男'),
(556, 556556556, '小556', '1971-06-22', '4517503', '男'),
(557, 557557557, '小557', '2005-05-08', '4449097', '男'),
(558, 558558558, '小558', '1972-08-19', '1041880', '男'),
(559, 559559559, '小559', '1962-06-21', '9158120', '女'),
(560, 560560560, '小560', '1962-10-22', '9670480', '男'),
(561, 561561561, '小561', '1984-03-17', '8027525', '女'),
(562, 562562562, '小562', '1983-03-06', '6744632', '女'),
(563, 563563563, '小563', '2005-03-22', '1881443', '女'),
(564, 564564564, '小564', '1997-05-22', '8957992', '男'),
(565, 565565565, '小565', '1999-09-21', '4745583', '女'),
(566, 566566566, '小566', '2003-06-09', '8379279', '女'),
(567, 567567567, '小567', '1974-12-21', '7592927', '女'),
(568, 568568568, '小568', '1972-11-24', '10527489', '女'),
(569, 569569569, '小569', '1996-08-06', '6029737', '男'),
(570, 570570570, '小570', '1964-04-22', '7948765', '女'),
(571, 571571571, '小571', '1996-07-08', '1233856', '男'),
(572, 572572572, '小572', '1997-06-21', '10062395', '男'),
(573, 573573573, '小573', '1962-12-19', '2093279', '女'),
(574, 574574574, '小574', '1983-11-03', '10550534', '男'),
(575, 575575575, '小575', '1993-07-11', '3818738', '男'),
(576, 576576576, '小576', '1982-06-01', '4459507', '男'),
(577, 577577577, '小577', '2002-02-15', '7313781', '女'),
(578, 578578578, '小578', '1960-08-07', '10773493', '女'),
(579, 579579579, '小579', '2006-05-23', '1132162', '男'),
(580, 580580580, '小580', '1979-02-27', '8701841', '女'),
(581, 581581581, '小581', '1970-02-24', '4271005', '男'),
(582, 582582582, '小582', '1990-09-13', '4149885', '男'),
(583, 583583583, '小583', '1961-06-03', '10160447', '女'),
(584, 584584584, '小584', '2003-05-06', '5483613', '男'),
(585, 585585585, '小585', '1989-09-15', '8498981', '男'),
(586, 586586586, '小586', '2003-04-15', '7641822', '女'),
(587, 587587587, '小587', '2002-09-15', '1455232', '男'),
(588, 588588588, '小588', '1972-05-20', '8813615', '女'),
(589, 589589589, '小589', '1971-12-01', '9057912', '男'),
(590, 590590590, '小590', '2001-10-23', '3563113', '女'),
(591, 591591591, '小591', '1960-01-23', '5872356', '女'),
(592, 592592592, '小592', '1972-01-08', '2910952', '女'),
(593, 593593593, '小593', '1983-06-08', '8209513', '女'),
(594, 594594594, '小594', '1991-03-17', '10652354', '女'),
(595, 595595595, '小595', '1981-12-27', '10239514', '女'),
(596, 596596596, '小596', '2006-07-12', '7073840', '男'),
(597, 597597597, '小597', '1985-09-17', '5861939', '女'),
(598, 598598598, '小598', '1974-07-02', '8443868', '女'),
(599, 599599599, '小599', '1987-12-17', '3809312', '男'),
(600, 600600600, '小600', '1972-09-04', '5647214', '女'),
(601, 601601601, '小601', '1965-12-07', '4870750', '男'),
(602, 602602602, '小602', '2008-12-28', '9646596', '男'),
(603, 603603603, '小603', '1979-05-08', '9148357', '女'),
(604, 604604604, '小604', '2004-04-12', '2772209', '男'),
(605, 605605605, '小605', '1970-05-02', '1652383', '女'),
(606, 606606606, '小606', '1994-04-12', '7074120', '女'),
(607, 607607607, '小607', '1977-04-09', '9851831', '女'),
(608, 608608608, '小608', '1967-11-08', '3727081', '男'),
(609, 609609609, '小609', '1970-08-11', '4199831', '男'),
(610, 610610610, '小610', '1982-02-23', '4316695', '男'),
(611, 611611611, '小611', '2008-04-21', '4546777', '男'),
(612, 612612612, '小612', '1987-03-15', '8733257', '女'),
(613, 613613613, '小613', '2000-12-09', '8459842', '女'),
(614, 614614614, '小614', '1977-05-23', '3700127', '男'),
(615, 615615615, '小615', '1994-04-17', '6604057', '男'),
(616, 616616616, '小616', '1990-01-22', '9119074', '男'),
(617, 617617617, '小617', '1989-04-18', '7509743', '男'),
(618, 618618618, '小618', '2003-10-11', '8757760', '男'),
(619, 619619619, '小619', '1969-02-11', '8267274', '女'),
(620, 620620620, '小620', '2003-01-13', '3798187', '男'),
(621, 621621621, '小621', '1992-11-25', '7513791', '女'),
(622, 622622622, '小622', '1985-01-17', '8224817', '男'),
(623, 623623623, '小623', '1968-08-15', '9362919', '女'),
(624, 624624624, '小624', '1968-12-25', '7545530', '男'),
(625, 625625625, '小625', '1960-10-01', '9541117', '女'),
(626, 626626626, '小626', '1997-12-13', '8535396', '男'),
(627, 627627627, '小627', '2001-10-10', '10985066', '女'),
(628, 628628628, '小628', '1960-10-02', '10385776', '男'),
(629, 629629629, '小629', '1999-01-19', '4569046', '男'),
(630, 630630630, '小630', '1995-10-16', '2294293', '女'),
(631, 631631631, '小631', '1988-08-03', '1832590', '男'),
(632, 632632632, '小632', '1967-04-25', '1137295', '女'),
(633, 633633633, '小633', '1974-09-15', '1289323', '女'),
(634, 634634634, '小634', '1990-03-14', '8405084', '女'),
(635, 635635635, '小635', '2004-12-17', '10497833', '男'),
(636, 636636636, '小636', '1966-02-22', '8602846', '男'),
(637, 637637637, '小637', '1993-10-07', '5287646', '男'),
(638, 638638638, '小638', '2003-10-24', '8000909', '女'),
(639, 639639639, '小639', '1975-01-11', '3788274', '女'),
(640, 640640640, '小640', '1990-12-18', '1152267', '男'),
(641, 641641641, '小641', '1992-10-13', '5656065', '男'),
(642, 642642642, '小642', '1991-01-24', '2381816', '女'),
(643, 643643643, '小643', '1961-12-02', '5448890', '男'),
(644, 644644644, '小644', '1993-04-25', '9274413', '男'),
(645, 645645645, '小645', '1975-07-08', '2176661', '女'),
(646, 646646646, '小646', '1995-05-23', '2396527', '女'),
(647, 647647647, '小647', '2008-06-01', '8683112', '男'),
(648, 648648648, '小648', '1978-02-21', '4473553', '女'),
(649, 649649649, '小649', '1982-11-15', '7918788', '女'),
(650, 650650650, '小650', '2004-08-13', '5303476', '女'),
(651, 651651651, '小651', '1991-11-06', '4788759', '女'),
(652, 652652652, '小652', '1963-01-28', '2631682', '女'),
(653, 653653653, '小653', '1981-11-16', '7734757', '男'),
(654, 654654654, '小654', '1978-05-18', '1785083', '男'),
(655, 655655655, '小655', '2006-07-25', '4197589', '女'),
(656, 656656656, '小656', '1983-12-25', '4526281', '男'),
(657, 657657657, '小657', '1999-10-24', '7843276', '男'),
(658, 658658658, '小658', '1989-01-16', '3505684', '男'),
(659, 659659659, '小659', '1982-04-12', '4345257', '男'),
(660, 660660660, '小660', '1995-05-01', '8906812', '女'),
(661, 661661661, '小661', '1964-10-16', '6098314', '女'),
(662, 662662662, '小662', '1985-04-22', '2760949', '男'),
(663, 663663663, '小663', '1994-05-05', '9843261', '女'),
(664, 664664664, '小664', '1975-07-09', '1626960', '男'),
(665, 665665665, '小665', '1989-11-26', '7879321', '男'),
(666, 666666666, '小666', '1970-08-01', '7548921', '女'),
(667, 667667667, '小667', '1994-03-06', '6276939', '女'),
(668, 668668668, '小668', '2001-12-10', '7453819', '男'),
(669, 669669669, '小669', '1994-08-15', '7687800', '女'),
(670, 670670670, '小670', '1960-07-02', '8370289', '男'),
(671, 671671671, '小671', '1975-11-26', '7654604', '女'),
(672, 672672672, '小672', '1992-06-15', '4501217', '男'),
(673, 673673673, '小673', '1982-08-06', '4224001', '男'),
(674, 674674674, '小674', '1984-12-25', '8063689', '男'),
(675, 675675675, '小675', '1961-05-25', '7158044', '女'),
(676, 676676676, '小676', '1963-10-06', '7432870', '男'),
(677, 677677677, '小677', '1966-10-19', '7648541', '女'),
(678, 678678678, '小678', '1984-10-02', '7480969', '女'),
(679, 679679679, '小679', '2004-01-23', '8907677', '女'),
(680, 680680680, '小680', '1984-03-26', '8314151', '女'),
(681, 681681681, '小681', '1984-11-07', '3305480', '女'),
(682, 682682682, '小682', '1981-02-26', '9958123', '女'),
(683, 683683683, '小683', '1967-08-12', '10383102', '男'),
(684, 684684684, '小684', '2003-06-09', '8423953', '男'),
(685, 685685685, '小685', '1974-07-08', '4053467', '男'),
(686, 686686686, '小686', '1960-05-10', '1451766', '女'),
(687, 687687687, '小687', '1985-07-10', '5162812', '女'),
(688, 688688688, '小688', '1979-08-10', '8619825', '女'),
(689, 689689689, '小689', '1964-07-11', '3867026', '男'),
(690, 690690690, '小690', '1987-10-06', '9913060', '男'),
(691, 691691691, '小691', '1960-06-28', '4160001', '男'),
(692, 692692692, '小692', '1964-05-16', '8235893', '男'),
(693, 693693693, '小693', '2007-07-24', '1155038', '男'),
(694, 694694694, '小694', '1968-03-22', '2113400', '男'),
(695, 695695695, '小695', '1994-10-08', '7123605', '女'),
(696, 696696696, '小696', '1993-06-20', '5865877', '男'),
(697, 697697697, '小697', '1992-01-22', '1944798', '男'),
(698, 698698698, '小698', '1988-12-24', '2483411', '男'),
(699, 699699699, '小699', '2005-07-21', '1250217', '女'),
(700, 700700700, '小700', '1989-07-01', '10638178', '男'),
(701, 701701701, '小701', '1963-11-21', '9785245', '男'),
(702, 702702702, '小702', '1991-06-10', '10599247', '男'),
(703, 703703703, '小703', '1982-01-13', '7657454', '女'),
(704, 704704704, '小704', '1997-09-26', '9508805', '女'),
(705, 705705705, '小705', '1972-03-26', '1462689', '男'),
(706, 706706706, '小706', '1979-04-28', '8958339', '男'),
(707, 707707707, '小707', '1974-09-14', '6489923', '女'),
(708, 708708708, '小708', '1984-12-10', '2410325', '女'),
(709, 709709709, '小709', '2004-02-27', '7011308', '男'),
(710, 710710710, '小710', '2006-04-19', '6163827', '男'),
(711, 711711711, '小711', '1979-04-16', '5276856', '女'),
(712, 712712712, '小712', '1971-12-10', '9095288', '女'),
(713, 713713713, '小713', '2001-11-09', '4614774', '男'),
(714, 714714714, '小714', '1964-01-18', '1757856', '女'),
(715, 715715715, '小715', '1997-02-20', '9457417', '男'),
(716, 716716716, '小716', '1990-11-02', '1249353', '女'),
(717, 717717717, '小717', '1990-08-04', '1783707', '男'),
(718, 718718718, '小718', '2000-05-07', '10300562', '男'),
(719, 719719719, '小719', '2002-12-22', '6362880', '女'),
(720, 720720720, '小720', '1966-05-15', '4824857', '女'),
(721, 721721721, '小721', '2004-04-15', '3953463', '男'),
(722, 722722722, '小722', '1994-12-22', '7669761', '男'),
(723, 723723723, '小723', '1983-02-11', '4866237', '男'),
(724, 724724724, '小724', '1983-01-05', '9573031', '女'),
(725, 725725725, '小725', '1983-09-10', '10340218', '男'),
(726, 726726726, '小726', '1969-11-08', '7413722', '女'),
(727, 727727727, '小727', '1988-08-14', '5471085', '女'),
(728, 728728728, '小728', '1979-02-09', '5588226', '女'),
(729, 729729729, '小729', '1979-03-26', '8312268', '女'),
(730, 730730730, '小730', '2008-09-08', '6365564', '男'),
(731, 731731731, '小731', '2003-03-22', '2264013', '男'),
(732, 732732732, '小732', '2007-03-23', '7394318', '男'),
(733, 733733733, '小733', '2007-06-05', '3782721', '女'),
(734, 734734734, '小734', '1983-08-01', '9077523', '女'),
(735, 735735735, '小735', '1971-08-14', '5647243', '女'),
(736, 736736736, '小736', '2008-08-08', '8401527', '女'),
(737, 737737737, '小737', '1985-07-24', '9238083', '男'),
(738, 738738738, '小738', '1977-04-09', '3797579', '女'),
(739, 739739739, '小739', '2003-03-22', '1919540', '男'),
(740, 740740740, '小740', '1983-10-04', '9641121', '男'),
(741, 741741741, '小741', '1963-02-11', '4262641', '女'),
(742, 742742742, '小742', '1990-05-06', '9431258', '女'),
(743, 743743743, '小743', '1979-04-15', '9376022', '男'),
(744, 744744744, '小744', '1963-11-16', '4821182', '女'),
(745, 745745745, '小745', '2000-04-13', '1810754', '男'),
(746, 746746746, '小746', '1979-09-28', '10109013', '男'),
(747, 747747747, '小747', '1984-01-07', '8289318', '女'),
(748, 748748748, '小748', '1964-01-20', '2263826', '男'),
(749, 749749749, '小749', '2005-09-14', '3662194', '男'),
(750, 750750750, '小750', '1969-10-16', '10642599', '男'),
(751, 751751751, '小751', '1965-05-24', '2042593', '女'),
(752, 752752752, '小752', '1982-06-02', '9777695', '男'),
(753, 753753753, '小753', '1963-10-10', '6749125', '女'),
(754, 754754754, '小754', '1983-11-13', '10005838', '男'),
(755, 755755755, '小755', '1961-01-20', '6104188', '男'),
(756, 756756756, '小756', '1974-06-08', '2373405', '女'),
(757, 757757757, '小757', '1982-04-26', '7540898', '男'),
(758, 758758758, '小758', '1995-07-05', '6910908', '女'),
(759, 759759759, '小759', '1984-10-19', '8119576', '女'),
(760, 760760760, '小760', '1987-06-09', '2890495', '男'),
(761, 761761761, '小761', '1995-02-27', '8059344', '男'),
(762, 762762762, '小762', '1967-07-24', '8270350', '女'),
(763, 763763763, '小763', '1963-04-06', '5875122', '女'),
(764, 764764764, '小764', '2003-11-19', '3000379', '女'),
(765, 765765765, '小765', '2008-01-16', '5559699', '男'),
(766, 766766766, '小766', '1995-08-03', '2212669', '男'),
(767, 767767767, '小767', '2004-03-17', '2411671', '女'),
(768, 768768768, '小768', '1974-11-08', '3913667', '女'),
(769, 769769769, '小769', '1990-07-08', '9655543', '男'),
(770, 770770770, '小770', '1999-05-01', '1082629', '女'),
(771, 771771771, '小771', '1994-09-17', '3097684', '女'),
(772, 772772772, '小772', '2001-01-24', '7182867', '女'),
(773, 773773773, '小773', '1980-07-20', '5727618', '男'),
(774, 774774774, '小774', '2005-12-05', '8780807', '男'),
(775, 775775775, '小775', '1964-05-25', '5434272', '男'),
(776, 776776776, '小776', '1981-05-01', '6771603', '男'),
(777, 777777777, '小777', '1960-01-08', '8538036', '女'),
(778, 778778778, '小778', '1990-01-04', '6668529', '男'),
(779, 779779779, '小779', '1965-08-28', '1926579', '女'),
(780, 780780780, '小780', '2000-03-25', '10076516', '女'),
(781, 781781781, '小781', '1968-11-02', '9637572', '男'),
(782, 782782782, '小782', '1991-12-15', '7193096', '女'),
(783, 783783783, '小783', '1997-10-04', '10984638', '女'),
(784, 784784784, '小784', '1998-12-11', '2029727', '女'),
(785, 785785785, '小785', '1988-09-16', '7957849', '女'),
(786, 786786786, '小786', '1980-06-26', '5351093', '女'),
(787, 787787787, '小787', '1975-09-12', '7467571', '男'),
(788, 788788788, '小788', '1990-12-18', '5760104', '女'),
(789, 789789789, '小789', '1990-11-25', '9111778', '女'),
(790, 790790790, '小790', '1969-04-05', '8403968', '女'),
(791, 791791791, '小791', '2002-05-06', '9829704', '男'),
(792, 792792792, '小792', '2001-07-15', '6382012', '女'),
(793, 793793793, '小793', '1976-09-12', '10175767', '男'),
(794, 794794794, '小794', '2002-09-13', '5346547', '女'),
(795, 795795795, '小795', '2005-01-01', '2640389', '女'),
(796, 796796796, '小796', '1972-11-25', '2806362', '女'),
(797, 797797797, '小797', '2002-09-26', '3297010', '男'),
(798, 798798798, '小798', '1970-07-23', '3864735', '女'),
(799, 799799799, '小799', '2002-07-15', '7214934', '女'),
(800, 800800800, '小800', '1990-11-19', '4340969', '男'),
(801, 801801801, '小801', '2001-07-19', '8291839', '男'),
(802, 802802802, '小802', '1998-02-19', '9389675', '男'),
(803, 803803803, '小803', '2008-11-06', '4450158', '女'),
(804, 804804804, '小804', '1995-01-27', '4015236', '男'),
(805, 805805805, '小805', '1985-08-25', '2786077', '男'),
(806, 806806806, '小806', '1995-07-25', '2167232', '女'),
(807, 807807807, '小807', '1985-10-06', '3336767', '女'),
(808, 808808808, '小808', '1971-04-17', '9721668', '女'),
(809, 809809809, '小809', '1994-03-06', '4050423', '男'),
(810, 810810810, '小810', '1972-01-19', '5142125', '男'),
(811, 811811811, '小811', '2007-03-24', '1754812', '女'),
(812, 812812812, '小812', '1998-06-01', '4836719', '女'),
(813, 813813813, '小813', '2001-05-01', '5599059', '女'),
(814, 814814814, '小814', '1986-10-24', '3351484', '男'),
(815, 815815815, '小815', '1973-12-11', '10435519', '女'),
(816, 816816816, '小816', '1962-02-03', '6913611', '男'),
(817, 817817817, '小817', '1963-07-04', '3708700', '女'),
(818, 818818818, '小818', '2007-06-17', '4363544', '男'),
(819, 819819819, '小819', '1966-02-26', '3394961', '男'),
(820, 820820820, '小820', '1970-06-18', '6781303', '女'),
(821, 821821821, '小821', '2004-10-03', '10966150', '女'),
(822, 822822822, '小822', '1991-01-27', '4493696', '男'),
(823, 823823823, '小823', '1963-04-16', '9111601', '女'),
(824, 824824824, '小824', '2006-09-23', '5751590', '男'),
(825, 825825825, '小825', '1981-05-26', '7186783', '女'),
(826, 826826826, '小826', '1989-04-10', '3040750', '男'),
(827, 827827827, '小827', '1977-11-18', '6181818', '男'),
(828, 828828828, '小828', '1987-12-26', '5173596', '女'),
(829, 829829829, '小829', '2008-02-10', '9974385', '女'),
(830, 830830830, '小830', '1994-04-05', '2372054', '男'),
(831, 831831831, '小831', '1999-03-11', '4425982', '女'),
(832, 832832832, '小832', '2004-08-28', '7093980', '男'),
(833, 833833833, '小833', '1978-12-24', '5376366', '女'),
(834, 834834834, '小834', '1991-04-04', '3978697', '男'),
(835, 835835835, '小835', '1966-06-06', '6202959', '男'),
(836, 836836836, '小836', '1965-05-13', '10883585', '女'),
(837, 837837837, '小837', '1993-09-15', '1982476', '女'),
(838, 838838838, '小838', '2007-02-04', '1862844', '男'),
(839, 839839839, '小839', '1986-07-05', '4090168', '男'),
(840, 840840840, '小840', '1966-08-06', '3832725', '女'),
(841, 841841841, '小841', '1969-01-26', '3381448', '女'),
(842, 842842842, '小842', '1986-10-01', '3752895', '女'),
(843, 843843843, '小843', '1989-07-02', '7429192', '女'),
(844, 844844844, '小844', '1961-01-27', '8078381', '男'),
(845, 845845845, '小845', '1963-12-22', '7730949', '女'),
(846, 846846846, '小846', '1993-08-28', '4129813', '女'),
(847, 847847847, '小847', '1986-07-21', '8574137', '女'),
(848, 848848848, '小848', '1963-01-06', '5534368', '男'),
(849, 849849849, '小849', '1999-07-03', '3586498', '男'),
(850, 850850850, '小850', '1979-02-12', '1344941', '男'),
(851, 851851851, '小851', '1969-03-27', '6017748', '男'),
(852, 852852852, '小852', '2005-08-09', '10011063', '男'),
(853, 853853853, '小853', '1963-10-19', '2712873', '女'),
(854, 854854854, '小854', '2008-11-27', '5239405', '男'),
(855, 855855855, '小855', '1982-07-12', '8321449', '男'),
(856, 856856856, '小856', '1974-03-06', '3080415', '男'),
(857, 857857857, '小857', '1994-10-28', '1223974', '女'),
(858, 858858858, '小858', '1997-11-16', '1454823', '女'),
(859, 859859859, '小859', '2008-05-05', '4135575', '女'),
(860, 860860860, '小860', '1969-01-05', '6260687', '女'),
(861, 861861861, '小861', '1992-03-21', '4310376', '女'),
(862, 862862862, '小862', '1968-04-14', '1309711', '女'),
(863, 863863863, '小863', '2007-04-14', '6609755', '女'),
(864, 864864864, '小864', '1977-01-20', '7840838', '女'),
(865, 865865865, '小865', '2005-06-16', '1998685', '女'),
(866, 866866866, '小866', '2005-10-24', '10465392', '女'),
(867, 867867867, '小867', '2003-09-24', '5363857', '男'),
(868, 868868868, '小868', '1996-06-05', '6221838', '男'),
(869, 869869869, '小869', '1988-07-09', '6777043', '男'),
(870, 870870870, '小870', '1985-06-02', '6950797', '女'),
(871, 871871871, '小871', '1961-09-10', '5724256', '女'),
(872, 872872872, '小872', '1984-12-07', '6625229', '男'),
(873, 873873873, '小873', '1961-04-08', '10643151', '女'),
(874, 874874874, '小874', '1972-08-01', '7725672', '女'),
(875, 875875875, '小875', '1998-04-07', '2552013', '女'),
(876, 876876876, '小876', '1987-09-04', '1183069', '女'),
(877, 877877877, '小877', '1960-11-02', '2356855', '男'),
(878, 878878878, '小878', '1992-07-22', '2993318', '女'),
(879, 879879879, '小879', '1978-02-17', '5938195', '男'),
(880, 880880880, '小880', '1992-04-23', '10314675', '女'),
(881, 881881881, '小881', '1972-06-16', '9153419', '男'),
(882, 882882882, '小882', '1965-06-20', '6803353', '女'),
(883, 883883883, '小883', '1988-01-03', '9250204', '女'),
(884, 884884884, '小884', '1960-03-06', '3797731', '男'),
(885, 885885885, '小885', '1985-10-25', '9696401', '男'),
(886, 886886886, '小886', '2006-01-22', '6573787', '男'),
(887, 887887887, '小887', '2002-08-07', '1782235', '男'),
(888, 888888888, '小888', '1999-09-04', '5022621', '女'),
(889, 889889889, '小889', '1999-07-28', '7963033', '男'),
(890, 890890890, '小890', '1999-07-26', '5961558', '女'),
(891, 891891891, '小891', '1993-04-19', '7409611', '女'),
(892, 892892892, '小892', '1987-11-07', '6856389', '男'),
(893, 893893893, '小893', '1965-08-14', '10206643', '女'),
(894, 894894894, '小894', '1975-10-10', '7976825', '男'),
(895, 895895895, '小895', '1996-05-03', '10818017', '女'),
(896, 896896896, '小896', '1982-11-18', '7192316', '男'),
(897, 897897897, '小897', '2005-08-23', '4826130', '男'),
(898, 898898898, '小898', '1992-01-17', '6277839', '女'),
(899, 899899899, '小899', '1981-05-20', '10396272', '男'),
(900, 900900900, '小900', '2004-07-04', '9764048', '女'),
(901, 901901901, '小901', '1969-10-28', '9823489', '女'),
(902, 902902902, '小902', '2002-02-14', '8747078', '男'),
(903, 903903903, '小903', '1987-11-06', '5296285', '女'),
(904, 904904904, '小904', '1970-05-22', '6417247', '女'),
(905, 905905905, '小905', '1968-07-05', '4451201', '男'),
(906, 906906906, '小906', '1980-09-19', '6986899', '女'),
(907, 907907907, '小907', '1969-01-06', '6340504', '男'),
(908, 908908908, '小908', '2007-01-19', '9944531', '男'),
(909, 909909909, '小909', '1968-07-12', '3656007', '女'),
(910, 910910910, '小910', '1992-07-19', '4282150', '男'),
(911, 911911911, '小911', '1986-02-19', '9702087', '男'),
(912, 912912912, '小912', '1974-04-10', '6735701', '男'),
(913, 913913913, '小913', '1969-11-08', '6477220', '女'),
(914, 914914914, '小914', '1973-07-27', '2064585', '女'),
(915, 915915915, '小915', '1966-11-08', '2746008', '男'),
(916, 916916916, '小916', '1990-02-22', '8708504', '男'),
(917, 917917917, '小917', '1994-03-26', '6334637', '男'),
(918, 918918918, '小918', '1999-11-03', '7247253', '女'),
(919, 919919919, '小919', '1988-08-08', '6742918', '男'),
(920, 920920920, '小920', '2003-12-08', '10102835', '女'),
(921, 921921921, '小921', '1984-04-10', '10287367', '男'),
(922, 922922922, '小922', '1998-07-01', '10548077', '男'),
(923, 923923923, '小923', '1963-07-08', '2368466', '女'),
(924, 924924924, '小924', '1969-06-04', '6714178', '女'),
(925, 925925925, '小925', '1981-02-10', '2337828', '男'),
(926, 926926926, '小926', '1977-11-16', '7492781', '男'),
(927, 927927927, '小927', '1984-11-03', '10358133', '男'),
(928, 928928928, '小928', '2002-05-03', '4793811', '男'),
(929, 929929929, '小929', '1997-03-24', '1167868', '女'),
(930, 930930930, '小930', '1967-09-02', '8354712', '女'),
(931, 931931931, '小931', '1961-01-11', '10796114', '女'),
(932, 932932932, '小932', '2008-01-13', '3547204', '女');
INSERT INTO `card` (`customer_id`, `card_id`, `customer_name`, `birthday`, `phone`, `gender`) VALUES
(933, 933933933, '小933', '1990-01-07', '8766925', '男'),
(934, 934934934, '小934', '1971-11-09', '1214214', '女'),
(935, 935935935, '小935', '1974-10-08', '1414589', '女'),
(936, 936936936, '小936', '1978-10-19', '10504737', '男'),
(937, 937937937, '小937', '1988-06-17', '1570166', '男'),
(938, 938938938, '小938', '1963-12-16', '10667841', '女'),
(939, 939939939, '小939', '1963-02-24', '3544271', '女'),
(940, 940940940, '小940', '1987-02-05', '9891151', '女'),
(941, 941941941, '小941', '1990-11-25', '4207137', '男'),
(942, 942942942, '小942', '1971-11-02', '4702481', '男'),
(943, 943943943, '小943', '1964-06-08', '4239724', '男'),
(944, 944944944, '小944', '2008-08-28', '2323226', '女'),
(945, 945945945, '小945', '2002-08-26', '7057403', '男'),
(946, 946946946, '小946', '1995-09-21', '6366471', '男'),
(947, 947947947, '小947', '2003-01-21', '2725090', '男'),
(948, 948948948, '小948', '1975-10-12', '1473380', '女'),
(949, 949949949, '小949', '1997-12-10', '7979826', '男'),
(950, 950950950, '小950', '1982-10-23', '3766170', '女'),
(951, 951951951, '小951', '1997-09-15', '3785540', '男'),
(952, 952952952, '小952', '1975-07-23', '2926703', '男'),
(953, 953953953, '小953', '1961-02-03', '2336734', '男'),
(954, 954954954, '小954', '1988-04-12', '6099213', '女'),
(955, 955955955, '小955', '2002-11-26', '8926545', '男'),
(956, 956956956, '小956', '1993-01-22', '7546786', '女'),
(957, 957957957, '小957', '1965-01-28', '10456999', '男'),
(958, 958958958, '小958', '2001-02-05', '6015184', '女'),
(959, 959959959, '小959', '2007-01-21', '7054229', '女'),
(960, 960960960, '小960', '1966-03-02', '8054876', '男'),
(961, 961961961, '小961', '1963-02-11', '6026505', '女'),
(962, 962962962, '小962', '1987-08-25', '6799918', '女'),
(963, 963963963, '小963', '1990-10-05', '8725406', '女'),
(964, 964964964, '小964', '1999-07-12', '2606009', '男'),
(965, 965965965, '小965', '1991-05-23', '6531160', '女'),
(966, 966966966, '小966', '2004-05-06', '9059391', '男'),
(967, 967967967, '小967', '1991-06-01', '10978458', '女'),
(968, 968968968, '小968', '1965-12-03', '8569441', '女'),
(969, 969969969, '小969', '1962-03-23', '6372045', '女'),
(970, 970970970, '小970', '1979-07-16', '4006324', '男'),
(971, 971971971, '小971', '2007-08-08', '10754351', '男'),
(972, 972972972, '小972', '2000-07-05', '8792632', '女'),
(973, 973973973, '小973', '1973-08-01', '10010036', '男'),
(974, 974974974, '小974', '1993-04-20', '5487945', '男'),
(975, 975975975, '小975', '1994-10-12', '6701281', '男'),
(976, 976976976, '小976', '2002-05-09', '10015057', '男'),
(977, 977977977, '小977', '1989-05-11', '7105191', '女'),
(978, 978978978, '小978', '1973-03-01', '6757868', '男'),
(979, 979979979, '小979', '2002-08-04', '4670882', '女'),
(980, 980980980, '小980', '1982-10-05', '10729037', '女'),
(981, 981981981, '小981', '1975-10-16', '1345588', '男'),
(982, 982982982, '小982', '2003-10-02', '3254156', '女'),
(983, 983983983, '小983', '2001-03-25', '6432430', '男'),
(984, 984984984, '小984', '1976-11-12', '4564033', '女'),
(985, 985985985, '小985', '1974-12-22', '4909094', '女'),
(986, 986986986, '小986', '1991-05-24', '9468900', '男'),
(987, 987987987, '小987', '1961-11-08', '3153797', '男'),
(988, 988988988, '小988', '2007-04-28', '6720273', '男'),
(989, 989989989, '小989', '2000-12-12', '3097606', '男'),
(990, 990990990, '小990', '1988-08-12', '7282003', '男'),
(991, 991991991, '小991', '1999-12-26', '8607860', '男'),
(992, 992992992, '小992', '1973-10-28', '8239373', '女'),
(993, 993993993, '小993', '2007-09-25', '7632633', '男'),
(994, 994994994, '小994', '1990-05-02', '2999731', '男'),
(995, 995995995, '小995', '1961-12-17', '2730216', '女'),
(996, 996996996, '小996', '1996-01-02', '4185108', '女'),
(997, 997997997, '小997', '1985-05-27', '5776994', '男'),
(998, 998998998, '小998', '1976-11-06', '4732367', '男'),
(999, 999999999, '小999', '1967-10-08', '5948404', '男'),
(1000, 2147483647, '小1000', '1998-02-13', '10496871', '女');

-- --------------------------------------------------------

--
-- 資料表結構 `combine`
--

CREATE TABLE `combine` (
  `store_id` int(11) NOT NULL COMMENT '從哪個店做出的',
  `product_id` int(11) NOT NULL COMMENT '店做出的產品id',
  `quantity` int(11) NOT NULL COMMENT '做出的數量',
  `date` date NOT NULL COMMENT '組合產品的日期'
) ENGINE=InnoDB DEFAULT CHARSET=utf8 COMMENT='product和store之間關係';

--
-- 資料表的匯出資料 `combine`
--

INSERT INTO `combine` (`store_id`, `product_id`, `quantity`, `date`) VALUES
(1, 2, 50, '2019-01-01'),
(1, 5, 20, '2019-01-01');

-- --------------------------------------------------------

--
-- 資料表結構 `customer`
--

CREATE TABLE `customer` (
  `customer_id` int(11) NOT NULL COMMENT '來店客人編號',
  `age` int(11) NOT NULL COMMENT '估計年齡',
  `gender` text NOT NULL COMMENT '判斷性別'
) ENGINE=InnoDB DEFAULT CHARSET=utf8;

--
-- 資料表的匯出資料 `customer`
--

INSERT INTO `customer` (`customer_id`, `age`, `gender`) VALUES
(1, 20, '女'),
(2, 35, '男'),
(3, 15, '男'),
(4, 50, '女'),
(5, 28, '女'),
(6, 10, '女'),
(7, 10, '男'),
(8, 10, '女'),
(9, 10, '男'),
(10, 10, '女'),
(11, 15, '男'),
(12, 15, '女'),
(13, 15, '男'),
(14, 15, '女'),
(15, 15, '男'),
(16, 20, '女'),
(17, 20, '男'),
(18, 20, '女'),
(19, 20, '男'),
(20, 20, '女'),
(21, 25, '男'),
(22, 25, '女'),
(23, 25, '男'),
(24, 25, '女'),
(25, 25, '男'),
(26, 30, '女'),
(27, 30, '男'),
(28, 30, '女'),
(29, 30, '男'),
(30, 30, '女'),
(31, 35, '男'),
(32, 35, '女'),
(33, 35, '男'),
(34, 35, '女'),
(35, 35, '男'),
(36, 15, '女'),
(37, 10, '女'),
(38, 23, '男'),
(39, 25, '男'),
(40, 28, '女'),
(41, 24, '女'),
(42, 21, '男'),
(43, 26, '女'),
(44, 36, '女'),
(45, 26, '女'),
(46, 31, '女'),
(47, 10, '男'),
(48, 31, '女'),
(49, 25, '女'),
(50, 10, '男'),
(51, 25, '男'),
(52, 30, '女'),
(53, 36, '女'),
(54, 34, '女'),
(55, 10, '男'),
(56, 20, '男'),
(57, 27, '男'),
(58, 34, '女'),
(59, 38, '女'),
(60, 14, '男'),
(61, 10, '男'),
(62, 38, '男'),
(63, 33, '男'),
(64, 31, '男'),
(65, 35, '女'),
(66, 33, '男'),
(67, 32, '女'),
(68, 22, '男'),
(69, 25, '女'),
(70, 24, '男'),
(71, 28, '男'),
(72, 13, '男'),
(73, 13, '女'),
(74, 16, '男'),
(75, 12, '女'),
(76, 39, '女'),
(77, 17, '女'),
(78, 10, '女'),
(79, 27, '女'),
(80, 36, '女'),
(81, 26, '男'),
(82, 33, '男'),
(83, 29, '女'),
(84, 17, '男'),
(85, 27, '女'),
(86, 28, '男'),
(87, 21, '男'),
(88, 39, '男'),
(89, 35, '女'),
(90, 20, '女'),
(91, 36, '女'),
(92, 34, '男'),
(93, 32, '女'),
(94, 34, '男'),
(95, 34, '女'),
(96, 31, '男'),
(97, 27, '男'),
(98, 10, '男'),
(99, 12, '女'),
(100, 33, '男'),
(101, 29, '男'),
(102, 17, '男'),
(103, 13, '女'),
(104, 28, '女'),
(105, 19, '男'),
(106, 14, '男'),
(107, 23, '男'),
(108, 14, '男'),
(109, 37, '女'),
(110, 33, '女'),
(111, 31, '女'),
(112, 13, '女'),
(113, 38, '女'),
(114, 35, '男'),
(115, 21, '女'),
(116, 38, '女'),
(117, 32, '女'),
(118, 18, '女'),
(119, 36, '男'),
(120, 35, '男'),
(121, 14, '男'),
(122, 17, '男'),
(123, 31, '女'),
(124, 15, '男'),
(125, 35, '男'),
(126, 30, '男'),
(127, 39, '男'),
(128, 27, '女'),
(129, 15, '女'),
(130, 12, '女'),
(131, 33, '男'),
(132, 19, '男'),
(133, 26, '女'),
(134, 16, '男'),
(135, 17, '男'),
(136, 25, '男'),
(137, 28, '女'),
(138, 24, '女'),
(139, 36, '女'),
(140, 26, '男'),
(141, 33, '女'),
(142, 37, '男'),
(143, 32, '女'),
(144, 38, '女'),
(145, 26, '男'),
(146, 12, '女'),
(147, 39, '男'),
(148, 14, '女'),
(149, 39, '男'),
(150, 34, '女'),
(151, 23, '男'),
(152, 23, '女'),
(153, 14, '男'),
(154, 13, '女'),
(155, 16, '女'),
(156, 29, '男'),
(157, 35, '女'),
(158, 24, '男'),
(159, 27, '男'),
(160, 24, '男'),
(161, 22, '女'),
(162, 32, '女'),
(163, 30, '男'),
(164, 13, '男'),
(165, 26, '男'),
(166, 31, '男'),
(167, 22, '男'),
(168, 10, '男'),
(169, 10, '男'),
(170, 22, '女'),
(171, 31, '男'),
(172, 26, '男'),
(173, 22, '女'),
(174, 35, '女'),
(175, 10, '男'),
(176, 34, '男'),
(177, 31, '男'),
(178, 24, '男'),
(179, 33, '男'),
(180, 15, '女'),
(181, 11, '女'),
(182, 20, '男'),
(183, 27, '男'),
(184, 16, '女'),
(185, 35, '男'),
(186, 19, '男'),
(187, 32, '女'),
(188, 16, '男'),
(189, 31, '女'),
(190, 24, '男'),
(191, 30, '男'),
(192, 10, '女'),
(193, 19, '男'),
(194, 22, '男'),
(195, 18, '男'),
(196, 30, '男'),
(197, 28, '男'),
(198, 12, '男'),
(199, 18, '女'),
(200, 10, '男'),
(201, 33, '男'),
(202, 32, '女'),
(203, 12, '女'),
(204, 32, '男'),
(205, 11, '女'),
(206, 36, '女'),
(207, 32, '男'),
(208, 21, '男'),
(209, 20, '男'),
(210, 18, '男'),
(211, 39, '女'),
(212, 14, '男'),
(213, 13, '女'),
(214, 17, '女'),
(215, 27, '男'),
(216, 29, '女'),
(217, 23, '女'),
(218, 37, '男'),
(219, 14, '男'),
(220, 34, '女'),
(221, 38, '男'),
(222, 14, '男'),
(223, 34, '男'),
(224, 25, '女'),
(225, 31, '男'),
(226, 32, '女'),
(227, 11, '男'),
(228, 39, '男'),
(229, 14, '男'),
(230, 14, '男'),
(231, 24, '男'),
(232, 12, '男'),
(233, 37, '男'),
(234, 23, '女'),
(235, 31, '男'),
(236, 17, '女'),
(237, 20, '女'),
(238, 26, '男'),
(239, 26, '女'),
(240, 34, '男'),
(241, 17, '男'),
(242, 16, '女'),
(243, 17, '女'),
(244, 22, '男'),
(245, 38, '女'),
(246, 24, '男'),
(247, 14, '男'),
(248, 29, '男'),
(249, 25, '男'),
(250, 33, '男'),
(251, 31, '女'),
(252, 32, '男'),
(253, 25, '女'),
(254, 18, '男'),
(255, 10, '女'),
(256, 22, '男'),
(257, 12, '女'),
(258, 32, '女'),
(259, 16, '女'),
(260, 25, '男'),
(261, 21, '女'),
(262, 21, '男'),
(263, 32, '男'),
(264, 29, '男'),
(265, 19, '女'),
(266, 24, '女'),
(267, 10, '女'),
(268, 36, '女'),
(269, 28, '女'),
(270, 15, '女'),
(271, 31, '女'),
(272, 32, '男'),
(273, 26, '女'),
(274, 36, '女'),
(275, 26, '女'),
(276, 30, '女'),
(277, 19, '女'),
(278, 12, '女'),
(279, 12, '男'),
(280, 16, '女'),
(281, 14, '男'),
(282, 21, '女'),
(283, 17, '男'),
(284, 36, '男'),
(285, 27, '男'),
(286, 27, '男'),
(287, 36, '女'),
(288, 12, '女'),
(289, 33, '男'),
(290, 21, '男'),
(291, 36, '女'),
(292, 34, '男'),
(293, 28, '女'),
(294, 22, '女'),
(295, 29, '女'),
(296, 36, '女'),
(297, 14, '男'),
(298, 36, '男'),
(299, 39, '男'),
(300, 27, '女'),
(301, 13, '男'),
(302, 30, '女'),
(303, 18, '女'),
(304, 15, '男'),
(305, 26, '女'),
(306, 22, '女'),
(307, 36, '女'),
(308, 13, '男'),
(309, 12, '女'),
(310, 38, '女'),
(311, 23, '女'),
(312, 25, '女'),
(313, 11, '男'),
(314, 20, '男'),
(315, 26, '女'),
(316, 30, '男'),
(317, 19, '女'),
(318, 29, '女'),
(319, 27, '男'),
(320, 29, '男'),
(321, 28, '男'),
(322, 14, '男'),
(323, 31, '女'),
(324, 18, '女'),
(325, 27, '女'),
(326, 19, '男'),
(327, 31, '女'),
(328, 37, '男'),
(329, 24, '男'),
(330, 17, '女'),
(331, 38, '女'),
(332, 14, '男'),
(333, 20, '女'),
(334, 10, '男'),
(335, 29, '女'),
(336, 30, '男'),
(337, 11, '男'),
(338, 26, '女'),
(339, 10, '女'),
(340, 21, '男'),
(341, 37, '女'),
(342, 34, '男'),
(343, 32, '男'),
(344, 27, '女'),
(345, 23, '女'),
(346, 16, '女'),
(347, 36, '女'),
(348, 38, '男'),
(349, 27, '男'),
(350, 30, '女'),
(351, 37, '女'),
(352, 11, '女'),
(353, 39, '女'),
(354, 24, '女'),
(355, 29, '女'),
(356, 15, '男'),
(357, 32, '女'),
(358, 13, '男'),
(359, 39, '女'),
(360, 10, '女'),
(361, 28, '男'),
(362, 15, '女'),
(363, 29, '女'),
(364, 19, '女'),
(365, 29, '女'),
(366, 32, '男'),
(367, 30, '女'),
(368, 34, '男'),
(369, 15, '女'),
(370, 13, '男'),
(371, 26, '女'),
(372, 31, '男'),
(373, 13, '女'),
(374, 30, '女'),
(375, 10, '男'),
(376, 24, '女'),
(377, 37, '男'),
(378, 13, '女'),
(379, 15, '男'),
(380, 39, '女'),
(381, 35, '男'),
(382, 31, '男'),
(383, 38, '男'),
(384, 20, '女'),
(385, 24, '女'),
(386, 39, '男'),
(387, 37, '男'),
(388, 34, '女'),
(389, 35, '女'),
(390, 16, '男'),
(391, 10, '女'),
(392, 28, '男'),
(393, 18, '男'),
(394, 39, '男'),
(395, 19, '女'),
(396, 13, '女'),
(397, 17, '女'),
(398, 10, '男'),
(399, 26, '女'),
(400, 23, '男'),
(401, 35, '男'),
(402, 25, '女'),
(403, 12, '女'),
(404, 17, '男'),
(405, 36, '男'),
(406, 24, '男'),
(407, 16, '女'),
(408, 24, '女'),
(409, 20, '男'),
(410, 28, '女'),
(411, 39, '女'),
(412, 16, '女'),
(413, 26, '男'),
(414, 33, '女'),
(415, 24, '女'),
(416, 26, '男'),
(417, 11, '女'),
(418, 37, '男'),
(419, 16, '女'),
(420, 29, '男'),
(421, 26, '女'),
(422, 15, '男'),
(423, 22, '男'),
(424, 33, '女'),
(425, 22, '男'),
(426, 27, '女'),
(427, 22, '男'),
(428, 29, '女'),
(429, 13, '男'),
(430, 27, '男'),
(431, 34, '男'),
(432, 21, '女'),
(433, 29, '男'),
(434, 20, '女'),
(435, 10, '男'),
(436, 15, '女'),
(437, 35, '女'),
(438, 16, '男'),
(439, 39, '女'),
(440, 20, '女'),
(441, 30, '女'),
(442, 14, '男'),
(443, 10, '女'),
(444, 12, '女'),
(445, 18, '男'),
(446, 22, '女'),
(447, 18, '男'),
(448, 15, '女'),
(449, 18, '男'),
(450, 39, '男'),
(451, 36, '男'),
(452, 27, '男'),
(453, 33, '男'),
(454, 18, '女'),
(455, 26, '女'),
(456, 26, '男'),
(457, 12, '男'),
(458, 28, '男'),
(459, 14, '女'),
(460, 27, '男'),
(461, 22, '男'),
(462, 18, '女'),
(463, 25, '男'),
(464, 30, '男'),
(465, 19, '男'),
(466, 33, '男'),
(467, 31, '男'),
(468, 31, '男'),
(469, 17, '女'),
(470, 11, '女'),
(471, 26, '女'),
(472, 39, '男'),
(473, 29, '女'),
(474, 28, '男'),
(475, 32, '女'),
(476, 22, '女'),
(477, 22, '女'),
(478, 19, '男'),
(479, 11, '女'),
(480, 13, '女'),
(481, 18, '女'),
(482, 17, '男'),
(483, 14, '男'),
(484, 23, '女'),
(485, 21, '男'),
(486, 35, '男'),
(487, 20, '女'),
(488, 37, '男'),
(489, 17, '男'),
(490, 34, '男'),
(491, 19, '男'),
(492, 20, '女'),
(493, 38, '女'),
(494, 17, '男'),
(495, 20, '男'),
(496, 13, '女'),
(497, 16, '男'),
(498, 38, '男'),
(499, 11, '男'),
(500, 14, '男'),
(501, 31, '女'),
(502, 28, '女'),
(503, 30, '女'),
(504, 11, '男'),
(505, 23, '女'),
(506, 20, '男'),
(507, 37, '男'),
(508, 32, '女'),
(509, 10, '女'),
(510, 21, '男'),
(511, 10, '女'),
(512, 25, '女'),
(513, 27, '女'),
(514, 29, '男'),
(515, 11, '女'),
(516, 24, '男'),
(517, 29, '男'),
(518, 25, '男'),
(519, 28, '男'),
(520, 28, '男'),
(521, 24, '男'),
(522, 12, '男'),
(523, 27, '女'),
(524, 31, '男'),
(525, 29, '男'),
(526, 35, '男'),
(527, 20, '女'),
(528, 38, '男'),
(529, 17, '男'),
(530, 19, '男'),
(531, 13, '女'),
(532, 12, '女'),
(533, 23, '女'),
(534, 32, '女'),
(535, 36, '男'),
(536, 30, '男'),
(537, 38, '女'),
(538, 34, '男'),
(539, 29, '女'),
(540, 11, '女'),
(541, 13, '女'),
(542, 14, '男'),
(543, 21, '女'),
(544, 23, '女'),
(545, 33, '男'),
(546, 16, '女'),
(547, 39, '男'),
(548, 33, '男'),
(549, 26, '女'),
(550, 33, '男'),
(551, 23, '男'),
(552, 39, '女'),
(553, 29, '男'),
(554, 11, '男'),
(555, 16, '女'),
(556, 26, '男'),
(557, 20, '男'),
(558, 19, '女'),
(559, 14, '男'),
(560, 13, '男'),
(561, 34, '女'),
(562, 21, '男'),
(563, 21, '男'),
(564, 26, '女'),
(565, 35, '男'),
(566, 17, '女'),
(567, 37, '女'),
(568, 36, '男'),
(569, 14, '男'),
(570, 28, '女'),
(571, 32, '男'),
(572, 34, '女'),
(573, 31, '男'),
(574, 35, '男'),
(575, 31, '女'),
(576, 19, '男'),
(577, 27, '女'),
(578, 30, '男'),
(579, 22, '女'),
(580, 39, '男'),
(581, 34, '女'),
(582, 20, '男'),
(583, 39, '女'),
(584, 12, '女'),
(585, 16, '女'),
(586, 38, '女'),
(587, 13, '女'),
(588, 18, '女'),
(589, 12, '男'),
(590, 36, '女'),
(591, 21, '男'),
(592, 36, '女'),
(593, 31, '男'),
(594, 26, '男'),
(595, 28, '男'),
(596, 33, '男'),
(597, 38, '女'),
(598, 18, '女'),
(599, 12, '女'),
(600, 21, '女'),
(601, 34, '女'),
(602, 25, '男'),
(603, 16, '女'),
(604, 22, '男'),
(605, 21, '女'),
(606, 21, '男'),
(607, 23, '女'),
(608, 23, '女'),
(609, 24, '女'),
(610, 31, '男'),
(611, 19, '男'),
(612, 14, '女'),
(613, 13, '男'),
(614, 32, '男'),
(615, 33, '男'),
(616, 12, '女'),
(617, 14, '女'),
(618, 17, '女'),
(619, 16, '女'),
(620, 37, '男'),
(621, 38, '男'),
(622, 14, '男'),
(623, 20, '男'),
(624, 31, '男'),
(625, 29, '女'),
(626, 24, '女'),
(627, 14, '男'),
(628, 30, '女'),
(629, 13, '女'),
(630, 14, '男'),
(631, 38, '女'),
(632, 18, '男'),
(633, 32, '男'),
(634, 19, '女'),
(635, 20, '男'),
(636, 24, '男'),
(637, 22, '女'),
(638, 23, '女'),
(639, 14, '男'),
(640, 37, '女'),
(641, 36, '女'),
(642, 25, '男'),
(643, 29, '女'),
(644, 11, '男'),
(645, 24, '女'),
(646, 22, '男'),
(647, 26, '男'),
(648, 15, '男'),
(649, 35, '女'),
(650, 12, '女'),
(651, 32, '男'),
(652, 27, '男'),
(653, 30, '女'),
(654, 22, '男'),
(655, 32, '男'),
(656, 39, '女'),
(657, 32, '男'),
(658, 25, '女'),
(659, 36, '女'),
(660, 32, '女'),
(661, 24, '女'),
(662, 23, '女'),
(663, 31, '女'),
(664, 11, '男'),
(665, 34, '女'),
(666, 26, '女'),
(667, 24, '男'),
(668, 36, '女'),
(669, 30, '男'),
(670, 38, '女'),
(671, 24, '男'),
(672, 34, '女'),
(673, 39, '女'),
(674, 32, '女'),
(675, 16, '男'),
(676, 27, '男'),
(677, 28, '女'),
(678, 17, '女'),
(679, 23, '男'),
(680, 33, '男'),
(681, 21, '女'),
(682, 18, '女'),
(683, 27, '女'),
(684, 12, '男'),
(685, 38, '女'),
(686, 17, '男'),
(687, 26, '男'),
(688, 38, '女'),
(689, 30, '女'),
(690, 14, '男'),
(691, 36, '女'),
(692, 13, '男'),
(693, 33, '男'),
(694, 18, '男'),
(695, 31, '女'),
(696, 32, '男'),
(697, 10, '女'),
(698, 15, '女'),
(699, 27, '男'),
(700, 39, '女'),
(701, 16, '男'),
(702, 38, '女'),
(703, 25, '男'),
(704, 32, '男'),
(705, 27, '女'),
(706, 17, '男'),
(707, 38, '女'),
(708, 22, '女'),
(709, 19, '女'),
(710, 13, '男'),
(711, 17, '女'),
(712, 38, '女'),
(713, 11, '女'),
(714, 19, '男'),
(715, 32, '女'),
(716, 34, '女'),
(717, 29, '女'),
(718, 29, '男'),
(719, 14, '男'),
(720, 28, '男'),
(721, 24, '女'),
(722, 38, '男'),
(723, 32, '女'),
(724, 36, '男'),
(725, 20, '男'),
(726, 24, '男'),
(727, 39, '男'),
(728, 13, '女'),
(729, 13, '男'),
(730, 32, '男'),
(731, 17, '女'),
(732, 10, '男'),
(733, 30, '女'),
(734, 15, '女'),
(735, 34, '女'),
(736, 37, '男'),
(737, 15, '女'),
(738, 31, '男'),
(739, 21, '女'),
(740, 29, '女'),
(741, 39, '女'),
(742, 35, '男'),
(743, 37, '男'),
(744, 12, '女'),
(745, 38, '男'),
(746, 39, '男'),
(747, 25, '女'),
(748, 36, '女'),
(749, 24, '男'),
(750, 21, '女'),
(751, 15, '女'),
(752, 25, '男'),
(753, 34, '女'),
(754, 14, '女'),
(755, 10, '男'),
(756, 12, '女'),
(757, 25, '女'),
(758, 23, '女'),
(759, 11, '男'),
(760, 24, '女'),
(761, 12, '女'),
(762, 17, '男'),
(763, 11, '男'),
(764, 34, '女'),
(765, 26, '女'),
(766, 24, '男'),
(767, 12, '男'),
(768, 33, '女'),
(769, 30, '男'),
(770, 24, '男'),
(771, 38, '男'),
(772, 34, '男'),
(773, 15, '男'),
(774, 16, '女'),
(775, 12, '男'),
(776, 26, '男'),
(777, 18, '男'),
(778, 39, '男'),
(779, 27, '男'),
(780, 16, '男'),
(781, 37, '女'),
(782, 18, '女'),
(783, 29, '男'),
(784, 37, '女'),
(785, 30, '女'),
(786, 26, '男'),
(787, 28, '男'),
(788, 34, '男'),
(789, 32, '男'),
(790, 30, '男'),
(791, 13, '男'),
(792, 10, '男'),
(793, 35, '男'),
(794, 11, '女'),
(795, 15, '男'),
(796, 10, '男'),
(797, 13, '男'),
(798, 36, '女'),
(799, 38, '女'),
(800, 12, '男'),
(801, 26, '女'),
(802, 18, '男'),
(803, 19, '男'),
(804, 18, '女'),
(805, 10, '女'),
(806, 27, '男'),
(807, 33, '女'),
(808, 28, '男'),
(809, 23, '男'),
(810, 13, '男'),
(811, 23, '男'),
(812, 33, '女'),
(813, 12, '女'),
(814, 12, '女'),
(815, 17, '男'),
(816, 34, '女'),
(817, 20, '女'),
(818, 18, '女'),
(819, 33, '女'),
(820, 15, '女'),
(821, 28, '女'),
(822, 30, '女'),
(823, 20, '女'),
(824, 19, '女'),
(825, 39, '男'),
(826, 26, '男'),
(827, 20, '女'),
(828, 16, '女'),
(829, 16, '男'),
(830, 30, '男'),
(831, 27, '女'),
(832, 21, '男'),
(833, 29, '男'),
(834, 39, '男'),
(835, 25, '男'),
(836, 11, '男'),
(837, 30, '男'),
(838, 24, '男'),
(839, 33, '男'),
(840, 24, '女'),
(841, 28, '女'),
(842, 33, '女'),
(843, 35, '女'),
(844, 26, '女'),
(845, 24, '女'),
(846, 32, '男'),
(847, 17, '男'),
(848, 13, '女'),
(849, 24, '男'),
(850, 36, '男'),
(851, 27, '女'),
(852, 25, '男'),
(853, 26, '男'),
(854, 19, '男'),
(855, 28, '男'),
(856, 15, '女'),
(857, 28, '男'),
(858, 14, '男'),
(859, 35, '女'),
(860, 19, '男'),
(861, 22, '男'),
(862, 17, '男'),
(863, 17, '女'),
(864, 12, '女'),
(865, 38, '女'),
(866, 39, '女'),
(867, 18, '男'),
(868, 29, '男'),
(869, 34, '男'),
(870, 30, '女'),
(871, 17, '女'),
(872, 16, '男'),
(873, 23, '男'),
(874, 19, '女'),
(875, 19, '女'),
(876, 14, '女'),
(877, 24, '男'),
(878, 35, '女'),
(879, 20, '男'),
(880, 36, '女'),
(881, 28, '女'),
(882, 33, '女'),
(883, 33, '女'),
(884, 13, '男'),
(885, 35, '男'),
(886, 10, '女'),
(887, 12, '女'),
(888, 14, '女'),
(889, 12, '男'),
(890, 28, '女'),
(891, 34, '男'),
(892, 38, '女'),
(893, 33, '男'),
(894, 13, '女'),
(895, 38, '男'),
(896, 16, '女'),
(897, 18, '女'),
(898, 15, '女'),
(899, 17, '男'),
(900, 29, '男'),
(901, 11, '女'),
(902, 31, '男'),
(903, 12, '男'),
(904, 30, '女'),
(905, 13, '男'),
(906, 25, '女'),
(907, 19, '女'),
(908, 16, '男'),
(909, 28, '男'),
(910, 19, '女'),
(911, 25, '男'),
(912, 39, '男'),
(913, 11, '女'),
(914, 26, '男'),
(915, 10, '男'),
(916, 24, '男'),
(917, 23, '女'),
(918, 24, '男'),
(919, 37, '女'),
(920, 30, '男'),
(921, 36, '女'),
(922, 22, '男'),
(923, 11, '男'),
(924, 22, '男'),
(925, 11, '女'),
(926, 14, '男'),
(927, 15, '男'),
(928, 34, '男'),
(929, 21, '女'),
(930, 11, '女'),
(931, 18, '男'),
(932, 21, '女'),
(933, 15, '女'),
(934, 18, '女'),
(935, 29, '女'),
(936, 34, '男'),
(937, 38, '男'),
(938, 28, '女'),
(939, 11, '女'),
(940, 10, '女'),
(941, 21, '男'),
(942, 37, '男'),
(943, 11, '男'),
(944, 18, '女'),
(945, 13, '女'),
(946, 24, '男'),
(947, 10, '男'),
(948, 15, '女'),
(949, 20, '女'),
(950, 38, '女'),
(951, 18, '男'),
(952, 38, '女'),
(953, 29, '女'),
(954, 38, '女'),
(955, 26, '女'),
(956, 14, '女'),
(957, 32, '女'),
(958, 35, '女'),
(959, 17, '女'),
(960, 37, '男'),
(961, 33, '女'),
(962, 15, '男'),
(963, 11, '女'),
(964, 16, '男'),
(965, 22, '女'),
(966, 32, '男'),
(967, 39, '男'),
(968, 30, '女'),
(969, 16, '女'),
(970, 37, '男'),
(971, 27, '男'),
(972, 33, '男'),
(973, 36, '女'),
(974, 32, '女'),
(975, 19, '男'),
(976, 35, '女'),
(977, 30, '男'),
(978, 25, '女'),
(979, 27, '男'),
(980, 35, '男'),
(981, 18, '男'),
(982, 20, '男'),
(983, 36, '女'),
(984, 14, '女'),
(985, 37, '女'),
(986, 34, '女'),
(987, 23, '女'),
(988, 21, '女'),
(989, 16, '男'),
(990, 16, '男'),
(991, 21, '女'),
(992, 19, '女'),
(993, 24, '男'),
(994, 24, '女'),
(995, 38, '男'),
(996, 16, '男'),
(997, 37, '男'),
(998, 31, '男'),
(999, 24, '女'),
(1000, 29, '男'),
(1001, 26, '女'),
(1002, 39, '女'),
(1003, 39, '男'),
(1004, 16, '男'),
(1005, 39, '女'),
(1006, 15, '男'),
(1007, 28, '女'),
(1008, 30, '男'),
(1009, 29, '男'),
(1010, 27, '女'),
(1011, 37, '女'),
(1012, 15, '男'),
(1013, 29, '男'),
(1014, 35, '男'),
(1015, 32, '女'),
(1016, 20, '女'),
(1017, 36, '男'),
(1018, 27, '女'),
(1019, 32, '男'),
(1020, 12, '女'),
(1021, 22, '男'),
(1022, 11, '男'),
(1023, 17, '男'),
(1024, 35, '女'),
(1025, 28, '女'),
(1026, 38, '女'),
(1027, 38, '女'),
(1028, 38, '女'),
(1029, 20, '男'),
(1030, 33, '男'),
(1031, 35, '男'),
(1032, 19, '男'),
(1033, 15, '男'),
(1034, 14, '男'),
(1035, 25, '女'),
(1036, 18, '男'),
(1037, 14, '男'),
(1038, 26, '女'),
(1039, 27, '女'),
(1040, 32, '男'),
(1041, 27, '女'),
(1042, 24, '女'),
(1043, 30, '男'),
(1044, 31, '男'),
(1045, 22, '男'),
(1046, 35, '女'),
(1047, 14, '女'),
(1048, 31, '男'),
(1049, 25, '男'),
(1050, 25, '女'),
(1051, 18, '男'),
(1052, 10, '男'),
(1053, 21, '男'),
(1054, 12, '女'),
(1055, 14, '女'),
(1056, 20, '男'),
(1057, 11, '女'),
(1058, 16, '男'),
(1059, 23, '女'),
(1060, 31, '男'),
(1061, 14, '女'),
(1062, 27, '女'),
(1063, 34, '男'),
(1064, 19, '女'),
(1065, 10, '男'),
(1066, 33, '女'),
(1067, 15, '男'),
(1068, 11, '男'),
(1069, 24, '男'),
(1070, 22, '女'),
(1071, 38, '男'),
(1072, 33, '男'),
(1073, 29, '女'),
(1074, 12, '女'),
(1075, 11, '男'),
(1076, 33, '女'),
(1077, 20, '男'),
(1078, 37, '男'),
(1079, 21, '女'),
(1080, 27, '女'),
(1081, 35, '男'),
(1082, 39, '男'),
(1083, 24, '女'),
(1084, 28, '男'),
(1085, 30, '男'),
(1086, 21, '男'),
(1087, 12, '女'),
(1088, 13, '男'),
(1089, 16, '女'),
(1090, 39, '女'),
(1091, 27, '男'),
(1092, 37, '男'),
(1093, 17, '女'),
(1094, 26, '女'),
(1095, 22, '男'),
(1096, 23, '女'),
(1097, 25, '女'),
(1098, 39, '女'),
(1099, 10, '女'),
(1100, 17, '男'),
(1101, 32, '女'),
(1102, 16, '女'),
(1103, 27, '女'),
(1104, 19, '男'),
(1105, 33, '女'),
(1106, 16, '男'),
(1107, 33, '女'),
(1108, 27, '男'),
(1109, 19, '男'),
(1110, 31, '男'),
(1111, 17, '女'),
(1112, 13, '女'),
(1113, 22, '男'),
(1114, 26, '女'),
(1115, 13, '女'),
(1116, 19, '女'),
(1117, 31, '男'),
(1118, 18, '女'),
(1119, 31, '女'),
(1120, 12, '男'),
(1121, 34, '男'),
(1122, 12, '男'),
(1123, 38, '女'),
(1124, 12, '男'),
(1125, 10, '男'),
(1126, 14, '男'),
(1127, 25, '男'),
(1128, 19, '男'),
(1129, 29, '男'),
(1130, 32, '女'),
(1131, 26, '女'),
(1132, 10, '女'),
(1133, 10, '男'),
(1134, 30, '男'),
(1135, 37, '女'),
(1136, 15, '女'),
(1137, 27, '女'),
(1138, 13, '女'),
(1139, 16, '女'),
(1140, 27, '男'),
(1141, 27, '女'),
(1142, 27, '女'),
(1143, 29, '女'),
(1144, 33, '男'),
(1145, 34, '女'),
(1146, 33, '男'),
(1147, 26, '女'),
(1148, 39, '女'),
(1149, 12, '女'),
(1150, 23, '男'),
(1151, 15, '男'),
(1152, 28, '女'),
(1153, 32, '男'),
(1154, 27, '女'),
(1155, 15, '女'),
(1156, 26, '男'),
(1157, 16, '女'),
(1158, 25, '女'),
(1159, 38, '男'),
(1160, 16, '男'),
(1161, 31, '男'),
(1162, 13, '男'),
(1163, 22, '女'),
(1164, 36, '女'),
(1165, 18, '女'),
(1166, 26, '女'),
(1167, 22, '男'),
(1168, 32, '女'),
(1169, 23, '女'),
(1170, 26, '女'),
(1171, 31, '男'),
(1172, 19, '女'),
(1173, 23, '女'),
(1174, 39, '女'),
(1175, 19, '男'),
(1176, 16, '女'),
(1177, 35, '女'),
(1178, 11, '男'),
(1179, 32, '男'),
(1180, 22, '女'),
(1181, 16, '女'),
(1182, 31, '女'),
(1183, 39, '女'),
(1184, 23, '男'),
(1185, 22, '女'),
(1186, 11, '女'),
(1187, 27, '男'),
(1188, 21, '男'),
(1189, 11, '男'),
(1190, 30, '女'),
(1191, 37, '女'),
(1192, 22, '男'),
(1193, 11, '男'),
(1194, 29, '男'),
(1195, 23, '女'),
(1196, 31, '男'),
(1197, 19, '男'),
(1198, 39, '男'),
(1199, 15, '男'),
(1200, 39, '男'),
(1201, 25, '女'),
(1202, 35, '男'),
(1203, 26, '女'),
(1204, 18, '女'),
(1205, 39, '女'),
(1206, 29, '女'),
(1207, 12, '男'),
(1208, 15, '男'),
(1209, 23, '女'),
(1210, 28, '女'),
(1211, 10, '男'),
(1212, 15, '女'),
(1213, 33, '女'),
(1214, 28, '男'),
(1215, 27, '女'),
(1216, 16, '女'),
(1217, 30, '男'),
(1218, 20, '女'),
(1219, 13, '男'),
(1220, 28, '女'),
(1221, 39, '女'),
(1222, 17, '男'),
(1223, 33, '女'),
(1224, 31, '男'),
(1225, 16, '男'),
(1226, 38, '女'),
(1227, 17, '男'),
(1228, 21, '女'),
(1229, 13, '女'),
(1230, 35, '女'),
(1231, 26, '女'),
(1232, 37, '男'),
(1233, 16, '男'),
(1234, 15, '男'),
(1235, 10, '女'),
(1236, 14, '女'),
(1237, 37, '女'),
(1238, 18, '女'),
(1239, 37, '男'),
(1240, 20, '女'),
(1241, 35, '女'),
(1242, 14, '女'),
(1243, 33, '男'),
(1244, 28, '女'),
(1245, 17, '女'),
(1246, 38, '女'),
(1247, 10, '男'),
(1248, 20, '男'),
(1249, 18, '女'),
(1250, 37, '女'),
(1251, 36, '女'),
(1252, 19, '女'),
(1253, 33, '男'),
(1254, 38, '女'),
(1255, 35, '女'),
(1256, 22, '女'),
(1257, 36, '女'),
(1258, 25, '女'),
(1259, 37, '女'),
(1260, 10, '男'),
(1261, 17, '女'),
(1262, 19, '男'),
(1263, 34, '男'),
(1264, 24, '男'),
(1265, 27, '男'),
(1266, 32, '男'),
(1267, 35, '女'),
(1268, 31, '女'),
(1269, 18, '女'),
(1270, 17, '女'),
(1271, 32, '女'),
(1272, 16, '女'),
(1273, 17, '女'),
(1274, 16, '女'),
(1275, 22, '女'),
(1276, 22, '男'),
(1277, 31, '女'),
(1278, 36, '男'),
(1279, 14, '女'),
(1280, 12, '女'),
(1281, 10, '男'),
(1282, 19, '女'),
(1283, 27, '男'),
(1284, 34, '男'),
(1285, 31, '男'),
(1286, 11, '男'),
(1287, 21, '女'),
(1288, 12, '女'),
(1289, 17, '女'),
(1290, 19, '女'),
(1291, 23, '女'),
(1292, 31, '男'),
(1293, 31, '女'),
(1294, 31, '女'),
(1295, 23, '女'),
(1296, 21, '女'),
(1297, 31, '女'),
(1298, 19, '女'),
(1299, 28, '男'),
(1300, 11, '男'),
(1301, 33, '男'),
(1302, 36, '男'),
(1303, 23, '女'),
(1304, 38, '男'),
(1305, 30, '男'),
(1306, 31, '男'),
(1307, 31, '男'),
(1308, 18, '男'),
(1309, 35, '男'),
(1310, 22, '女'),
(1311, 22, '男'),
(1312, 27, '男'),
(1313, 22, '女'),
(1314, 24, '男'),
(1315, 19, '男'),
(1316, 35, '女'),
(1317, 10, '男'),
(1318, 33, '男'),
(1319, 37, '女'),
(1320, 27, '女'),
(1321, 15, '女'),
(1322, 18, '男'),
(1323, 31, '女'),
(1324, 14, '男'),
(1325, 31, '女'),
(1326, 35, '男'),
(1327, 36, '女'),
(1328, 21, '男'),
(1329, 24, '男'),
(1330, 37, '男'),
(1331, 30, '女'),
(1332, 24, '男'),
(1333, 16, '男'),
(1334, 25, '女'),
(1335, 10, '女'),
(1336, 11, '男'),
(1337, 13, '女'),
(1338, 30, '男'),
(1339, 29, '男'),
(1340, 30, '女'),
(1341, 27, '女'),
(1342, 12, '女'),
(1343, 18, '男'),
(1344, 23, '女'),
(1345, 37, '女'),
(1346, 31, '女'),
(1347, 24, '男'),
(1348, 39, '男'),
(1349, 23, '男'),
(1350, 24, '女'),
(1351, 33, '男'),
(1352, 34, '男'),
(1353, 20, '女'),
(1354, 15, '女'),
(1355, 36, '女'),
(1356, 19, '女'),
(1357, 36, '男'),
(1358, 14, '女'),
(1359, 26, '女'),
(1360, 23, '男'),
(1361, 24, '男'),
(1362, 22, '男'),
(1363, 38, '女'),
(1364, 15, '女'),
(1365, 25, '男'),
(1366, 28, '女'),
(1367, 37, '男'),
(1368, 12, '男'),
(1369, 32, '女'),
(1370, 20, '男'),
(1371, 30, '男'),
(1372, 34, '男'),
(1373, 17, '女'),
(1374, 13, '男'),
(1375, 14, '男'),
(1376, 19, '男'),
(1377, 24, '男'),
(1378, 33, '女'),
(1379, 23, '女'),
(1380, 18, '女'),
(1381, 35, '女'),
(1382, 36, '女'),
(1383, 15, '男'),
(1384, 28, '女'),
(1385, 22, '男'),
(1386, 23, '男'),
(1387, 27, '男'),
(1388, 13, '女'),
(1389, 18, '男'),
(1390, 25, '女'),
(1391, 37, '女'),
(1392, 10, '男'),
(1393, 21, '男'),
(1394, 28, '男'),
(1395, 15, '男'),
(1396, 10, '男'),
(1397, 13, '男'),
(1398, 25, '男'),
(1399, 36, '男'),
(1400, 24, '女'),
(1401, 34, '女'),
(1402, 23, '女'),
(1403, 17, '女'),
(1404, 37, '男'),
(1405, 37, '男'),
(1406, 29, '男'),
(1407, 20, '男'),
(1408, 24, '男'),
(1409, 27, '女'),
(1410, 15, '男'),
(1411, 32, '男'),
(1412, 35, '女'),
(1413, 39, '男'),
(1414, 30, '男'),
(1415, 23, '女'),
(1416, 12, '男'),
(1417, 32, '女'),
(1418, 37, '女'),
(1419, 23, '女'),
(1420, 38, '男'),
(1421, 10, '女'),
(1422, 17, '女'),
(1423, 11, '男'),
(1424, 10, '女'),
(1425, 32, '男'),
(1426, 25, '女'),
(1427, 12, '女'),
(1428, 31, '男'),
(1429, 30, '男'),
(1430, 23, '男'),
(1431, 33, '男'),
(1432, 37, '男'),
(1433, 22, '女'),
(1434, 30, '男'),
(1435, 23, '男'),
(1436, 15, '女'),
(1437, 11, '女'),
(1438, 34, '女'),
(1439, 12, '女'),
(1440, 21, '女'),
(1441, 18, '女'),
(1442, 13, '男'),
(1443, 36, '男'),
(1444, 37, '男'),
(1445, 32, '男'),
(1446, 20, '男'),
(1447, 15, '男'),
(1448, 39, '女'),
(1449, 19, '男'),
(1450, 29, '男'),
(1451, 15, '男'),
(1452, 18, '男'),
(1453, 35, '女'),
(1454, 15, '男'),
(1455, 32, '男'),
(1456, 36, '女'),
(1457, 36, '男'),
(1458, 21, '女'),
(1459, 10, '女'),
(1460, 28, '男'),
(1461, 12, '男'),
(1462, 10, '女'),
(1463, 24, '男'),
(1464, 14, '女'),
(1465, 28, '男'),
(1466, 38, '男'),
(1467, 13, '女'),
(1468, 20, '男'),
(1469, 30, '男'),
(1470, 22, '男'),
(1471, 22, '男'),
(1472, 27, '女'),
(1473, 31, '男'),
(1474, 10, '男'),
(1475, 35, '男'),
(1476, 17, '男'),
(1477, 27, '男'),
(1478, 26, '女'),
(1479, 20, '女'),
(1480, 30, '女'),
(1481, 39, '男'),
(1482, 20, '男'),
(1483, 12, '男'),
(1484, 33, '女'),
(1485, 15, '女'),
(1486, 28, '女'),
(1487, 26, '男'),
(1488, 35, '女'),
(1489, 24, '男'),
(1490, 23, '女'),
(1491, 16, '女'),
(1492, 25, '男'),
(1493, 27, '男'),
(1494, 38, '女'),
(1495, 29, '男'),
(1496, 37, '女'),
(1497, 10, '男'),
(1498, 25, '男'),
(1499, 27, '男'),
(1500, 12, '男');

-- --------------------------------------------------------

--
-- 資料表結構 `distribute`
--

CREATE TABLE `distribute` (
  `store_id` int(11) NOT NULL COMMENT '送給哪家店的編號',
  `ingredient_id` int(11) NOT NULL COMMENT '原料編號',
  `amount` int(11) NOT NULL COMMENT '送的數量',
  `date` date NOT NULL COMMENT '送的日期'
) ENGINE=InnoDB DEFAULT CHARSET=utf8 COMMENT='store和Ingredient之間關係';

--
-- 資料表的匯出資料 `distribute`
--

INSERT INTO `distribute` (`store_id`, `ingredient_id`, `amount`, `date`) VALUES
(1, 1, 50, '2019-01-01');

-- --------------------------------------------------------

--
-- 資料表結構 `gift`
--

CREATE TABLE `gift` (
  `product_id` int(11) NOT NULL COMMENT '根據哪個商品的商品編號',
  `gift_id` int(11) NOT NULL COMMENT '贈品編號',
  `gift_name` text NOT NULL COMMENT '贈品名稱'
) ENGINE=InnoDB DEFAULT CHARSET=utf8;

--
-- 資料表的匯出資料 `gift`
--

INSERT INTO `gift` (`product_id`, `gift_id`, `gift_name`) VALUES
(1, 1, '中環保袋'),
(2, 1, '中環保袋'),
(3, 1, '中環保袋'),
(4, 1, '中環保袋'),
(5, 1, '中環保袋'),
(6, 1, '中環保袋'),
(7, 1, '中環保袋'),
(8, 1, '中環保袋'),
(9, 1, '中環保袋'),
(10, 1, '中環保袋'),
(11, 1, '中環保袋'),
(12, 1, '中環保袋'),
(13, 1, '中環保袋'),
(14, 1, '中環保袋'),
(15, 1, '中環保袋'),
(16, 1, '中環保袋'),
(17, 1, '中環保袋'),
(18, 1, '中環保袋'),
(19, 1, '中環保袋'),
(20, 1, '中環保袋'),
(21, 1, '中環保袋'),
(22, 1, '中環保袋'),
(23, 1, '中環保袋'),
(24, 1, '中環保袋'),
(25, 1, '中環保袋'),
(26, 1, '中環保袋'),
(27, 1, '中環保袋'),
(28, 1, '中環保袋'),
(29, 1, '中環保袋'),
(30, 1, '中環保袋'),
(31, 1, '中環保袋'),
(32, 1, '中環保袋'),
(33, 1, '中環保袋'),
(34, 1, '中環保袋'),
(35, 1, '中環保袋'),
(36, 1, '中環保袋'),
(37, 1, '中環保袋'),
(38, 1, '中環保袋'),
(39, 1, '中環保袋'),
(40, 1, '中環保袋'),
(41, 1, '中環保袋'),
(42, 1, '中環保袋'),
(43, 1, '中環保袋'),
(44, 1, '中環保袋'),
(45, 1, '中環保袋'),
(46, 1, '中環保袋'),
(47, 1, '中環保袋'),
(48, 1, '中環保袋'),
(49, 1, '中環保袋'),
(50, 1, '中環保袋');

-- --------------------------------------------------------

--
-- 資料表結構 `ingredient`
--

CREATE TABLE `ingredient` (
  `ingredient_id` int(11) NOT NULL COMMENT '原料編號',
  `ingredient_name` text NOT NULL COMMENT '原料名稱',
  `ingredient_cost` int(11) NOT NULL COMMENT '原料成本',
  `freshness_date` int(11) NOT NULL COMMENT '新鮮有效日期',
  `amount` int(11) NOT NULL COMMENT '存貨數量',
  `consume` int(11) NOT NULL COMMENT '所有產品的消耗量'
) ENGINE=InnoDB DEFAULT CHARSET=utf8;

--
-- 資料表的匯出資料 `ingredient`
--

INSERT INTO `ingredient` (`ingredient_id`, `ingredient_name`, `ingredient_cost`, `freshness_date`, `amount`, `consume`) VALUES
(1, '牛肉', 200, 5, 10000, 4930),
(2, '豬肉', 200, 5, 5, 1620),
(3, '雞肉', 250, 5, 455, 5505),
(4, '魚肉', 220, 5, 469, 1230),
(5, '雞蛋', 50, 7, 143, 2105),
(6, '生菜', 150, 7, 43, 11070),
(7, '洋蔥', 100, 7, 169, 2050),
(8, '番茄', 120, 7, 203, 3370),
(9, '花生醬', 250, 30, 468, 420),
(10, '辣醬', 180, 30, 459, 1230),
(11, '燒烤醬', 200, 30, 222, 2050),
(12, '檸檬', 150, 7, 1, 820),
(13, '辣椒', 180, 30, 61, 0),
(14, '蝦子', 250, 7, 478, 8475),
(15, '紅蘿蔔', 120, 7, 481, 0),
(16, '牛蒡', 220, 7, 437, 820),
(17, '杏鮑菇', 180, 7, 435, 2050),
(18, '海苔', 100, 30, 20, 1230),
(19, '起士', 150, 7, 65, 2550),
(20, '蜜汁醬', 200, 30, 91, 820),
(21, '美乃汁', 200, 30, 256, 410),
(22, '培根', 190, 7, 312, 1230),
(23, '熱狗', 180, 7, 350, 830),
(24, '番茄醬', 200, 30, 248, 410),
(25, '酸黃瓜', 120, 7, 425, 0),
(26, '蕈菇', 150, 7, 469, 1230),
(27, '火腿', 200, 7, 178, 430),
(28, '芋頭', 180, 7, 323, 90),
(29, '南瓜', 180, 7, 376, 90),
(30, '地瓜', 180, 7, 423, 90),
(31, '薯條', 100, 7, 482, 945),
(32, '方塊薯餅', 100, 7, 106, 270),
(33, '紅豆', 150, 7, 204, 90),
(34, '香腸', 180, 7, 429, 1),
(35, '玉米', 100, 14, 395, 0),
(36, '可可粉', 100, 30, 112, 0),
(37, '蘋果', 100, 7, 162, 0),
(38, '橘子', 100, 7, 429, 0),
(39, '黑糖', 200, 30, 380, 0),
(40, '蒟蒻', 100, 14, 203, 0),
(41, '咖啡豆', 200, 30, 28, 0),
(42, '牛奶', 200, 7, 355, 0),
(43, '紅茶', 150, 14, 273, 0),
(44, '綠茶', 150, 14, 434, 0),
(45, '煎茶', 150, 14, 133, 0),
(46, '焙茶', 150, 14, 67, 0),
(47, '抹茶', 150, 14, 265, 0),
(48, '奶茶', 150, 14, 267, 0),
(49, '肉桂粉', 150, 30, 139, 0),
(50, '可樂', 120, 30, 409, 0),
(51, '雪碧', 120, 30, 294, 0),
(52, '純淨水', 100, 30, 177, 0),
(53, '榛果', 150, 14, 41, 0),
(54, '堤拉米蘇', 200, 7, 184, 0),
(55, '米', 290, 3, 435, 0),
(56, '麵包', 350, 7, 195, 0),
(57, '藜麥米', 200, 7, 278, 0),
(58, '薑', 200, 14, 245, 0),
(59, '干貝', 200, 3, 398, 0),
(60, '墨魚', 200, 5, 410, 0),
(61, '蔬菜醬', 200, 14, 239, 0),
(62, '塔塔醬', 200, 5, 184, 0),
(63, '咖哩醬', 200, 7, 75, 0),
(64, '吐司', 200, 3, 190, 0),
(65, '澱粉', 200, 3, 302, 0),
(66, '肉醬', 200, 7, 309, 0),
(67, '蜂蜜', 200, 14, 459, 0),
(68, '柚子', 200, 3, 437, 0);

-- --------------------------------------------------------

--
-- 資料表結構 `orders`
--

CREATE TABLE `orders` (
  `order_id` int(11) NOT NULL COMMENT '訂單編號',
  `money` int(11) NOT NULL COMMENT '總額',
  `date` date NOT NULL COMMENT '下單日期',
  `customer_id` int(11) NOT NULL COMMENT '顧客編號',
  `store_id` int(11) NOT NULL COMMENT '在哪家店的訂單',
  `card_id` int(11) DEFAULT NULL COMMENT '會員有買的話的id',
  `oproduct_id` int(11) NOT NULL COMMENT '產品id(屬性)',
  `oproduct_quantity` int(11) NOT NULL COMMENT '產品數量(屬性)'
) ENGINE=InnoDB DEFAULT CHARSET=utf8;

--
-- 資料表的匯出資料 `orders`
--

INSERT INTO `orders` (`order_id`, `money`, `date`, `customer_id`, `store_id`, `card_id`, `oproduct_id`, `oproduct_quantity`) VALUES
(1, 100, '2019-01-03', 1, 1, 111, 45, 2),
(2, 50, '2019-01-05', 2, 1, 222, 33, 2),
(3, 60, '2019-01-05', 3, 1, 333, 100, 3),
(4, 150, '2019-01-05', 4, 1, 444, 27, 1),
(5, 30, '2019-01-05', 5, 1, 555, 29, 3),
(6, 924, '2019-01-03', 13, 1, 131313, 16, 4),
(7, 591, '2019-01-04', 29, 2, 292929, 84, 1),
(8, 36, '2019-01-03', 22, 1, 222222, 46, 1),
(9, 878, '2019-01-31', 18, 2, 181818, 26, 1),
(10, 57, '2019-01-09', 19, 1, 191919, 57, 5),
(11, 417, '2019-01-18', 10, 2, 101010, 22, 5),
(12, 447, '2019-01-28', 9, 1, 999, 46, 2),
(13, 207, '2019-01-28', 7, 1, 777, 78, 5),
(14, 318, '2019-01-25', 9, 1, 999, 103, 2),
(15, 443, '2019-01-28', 22, 2, 222222, 100, 4),
(16, 894, '2019-01-18', 9, 1, 999, 70, 4),
(17, 466, '2019-01-13', 12, 1, 121212, 16, 2),
(18, 885, '2019-01-15', 19, 1, 191919, 52, 1),
(19, 169, '2019-01-15', 10, 2, 101010, 25, 2),
(20, 987, '2019-01-06', 29, 2, 292929, 28, 5),
(21, 854, '2019-01-20', 5, 1, 555, 32, 1),
(22, 90, '2019-01-02', 18, 1, 181818, 34, 1),
(23, 139, '2019-01-03', 30, 1, 303030, 112, 3),
(24, 383, '2019-01-22', 27, 1, 272727, 73, 4),
(25, 458, '2019-01-25', 4, 2, 444, 96, 3),
(26, 731, '2019-01-31', 12, 1, 121212, 10, 5),
(27, 59, '2019-01-14', 4, 1, 444, 68, 3),
(28, 609, '2019-01-08', 22, 1, 222222, 63, 2),
(29, 748, '2019-01-29', 23, 1, 232323, 62, 3),
(30, 470, '2019-01-27', 29, 2, 292929, 48, 5),
(31, 626, '2019-01-05', 15, 2, 151515, 50, 2),
(32, 475, '2019-01-02', 1, 2, 111, 63, 4),
(33, 919, '2019-01-08', 16, 1, 161616, 22, 4),
(34, 479, '2019-01-11', 5, 2, 555, 57, 1),
(35, 228, '2019-01-07', 17, 2, 171717, 34, 4),
(36, 910, '2019-01-15', 22, 1, 222222, 18, 3),
(37, 645, '2019-01-20', 2, 2, 222, 54, 1),
(38, 820, '2019-01-11', 1, 2, 111, 33, 2),
(39, 776, '2019-01-16', 24, 1, 242424, 9, 2),
(40, 468, '2019-01-15', 1, 2, 111, 63, 3),
(41, 987, '2019-01-05', 4, 1, 444, 61, 1),
(42, 760, '2019-01-29', 28, 2, 282828, 25, 2),
(43, 653, '2019-01-18', 13, 1, 131313, 106, 2),
(44, 116, '2019-01-21', 1, 1, 111, 43, 4),
(45, 78, '2019-01-26', 19, 1, 191919, 90, 1),
(46, 155, '2019-01-16', 23, 2, 232323, 45, 2),
(47, 376, '2019-01-21', 21, 2, 212121, 23, 2),
(48, 629, '2019-01-18', 8, 2, 888, 12, 1),
(49, 777, '2019-01-31', 27, 2, 272727, 82, 4),
(50, 827, '2019-01-27', 27, 1, 272727, 110, 2),
(51, 23, '2019-01-02', 9, 1, 999, 53, 1),
(52, 442, '2019-01-27', 14, 1, 141414, 52, 5),
(53, 982, '2019-01-21', 11, 1, 111111, 58, 5),
(54, 366, '2019-01-13', 30, 1, 303030, 84, 5),
(55, 211, '2019-01-13', 9, 1, 999, 35, 5),
(56, 376, '2019-01-08', 16, 2, 161616, 107, 3),
(57, 913, '2019-01-17', 28, 1, 282828, 69, 3),
(58, 192, '2019-01-17', 7, 2, 777, 100, 3),
(59, 178, '2019-01-22', 35, 1, 353535, 51, 4),
(60, 814, '2019-01-11', 4, 2, 444, 6, 2),
(61, 58, '2019-01-06', 14, 2, 141414, 78, 5),
(62, 654, '2019-01-02', 31, 2, 313131, 34, 1),
(63, 292, '2019-01-30', 19, 1, 191919, 66, 5),
(64, 229, '2019-01-31', 12, 2, 121212, 56, 1),
(65, 245, '2019-01-15', 24, 1, 242424, 46, 4),
(66, 715, '2019-01-12', 17, 2, 171717, 71, 3),
(67, 475, '2019-01-01', 9, 2, 999, 19, 1),
(68, 217, '2019-01-02', 25, 2, 252525, 77, 4),
(69, 698, '2019-01-22', 2, 2, 222, 102, 1),
(70, 891, '2019-01-20', 3, 2, 333, 58, 5),
(71, 347, '2019-01-16', 29, 1, 292929, 89, 3),
(72, 290, '2019-01-12', 15, 1, 151515, 55, 2),
(73, 385, '2019-01-16', 15, 1, 151515, 69, 1),
(74, 997, '2019-01-24', 22, 2, 222222, 74, 2),
(75, 598, '2019-01-30', 11, 2, 111111, 13, 1),
(76, 368, '2019-01-14', 4, 2, 444, 66, 1),
(77, 258, '2019-01-07', 2, 1, 222, 57, 1),
(78, 22, '2019-01-25', 24, 2, 242424, 57, 1),
(79, 606, '2019-01-03', 12, 1, 121212, 2, 4),
(80, 676, '2019-01-02', 22, 2, 222222, 70, 5),
(81, 464, '2019-01-09', 16, 1, 161616, 43, 5),
(82, 224, '2019-01-02', 29, 1, 292929, 85, 5),
(83, 211, '2019-01-24', 2, 1, 222, 94, 3),
(84, 527, '2019-01-07', 14, 1, 141414, 30, 3),
(85, 326, '2019-01-04', 15, 1, 151515, 79, 4),
(86, 1009, '2019-01-31', 18, 2, 181818, 77, 3),
(87, 681, '2019-01-10', 32, 2, 323232, 77, 1),
(88, 100, '2019-01-09', 23, 2, 232323, 86, 2),
(89, 290, '2019-01-18', 21, 2, 212121, 51, 3),
(90, 535, '2019-01-19', 28, 1, 282828, 77, 3),
(91, 448, '2019-01-04', 16, 1, 161616, 69, 2),
(92, 456, '2019-01-14', 34, 1, 343434, 88, 4),
(93, 518, '2019-01-11', 12, 1, 121212, 44, 3),
(94, 509, '2019-01-12', 7, 1, 777, 60, 1),
(95, 157, '2019-01-31', 20, 1, 202020, 105, 1),
(96, 700, '2019-01-28', 13, 1, 131313, 10, 3),
(97, 307, '2019-01-16', 33, 2, 333333, 108, 3),
(98, 43, '2019-01-07', 13, 2, 131313, 8, 4),
(99, 414, '2019-01-24', 8, 2, 888, 57, 3),
(100, 661, '2019-01-23', 9, 2, 999, 104, 1),
(101, 68, '2019-01-06', 343, 2, 343343343, 71, 11),
(102, 372, '2019-01-05', 714, 1, 714714714, 87, 10),
(103, 108, '2019-01-30', 784, 2, 784784784, 109, 7),
(104, 139, '2019-01-16', 710, 2, 710710710, 106, 14),
(105, 85, '2019-01-06', 1284, 1, 0, 21, 16),
(106, 414, '2019-01-25', 734, 1, 734734734, 64, 14),
(107, 140, '2019-01-17', 600, 1, 600600600, 58, 11),
(108, 469, '2019-01-13', 779, 1, 779779779, 65, 4),
(109, 205, '2019-01-02', 1061, 1, 0, 66, 12),
(110, 69, '2019-01-25', 151, 1, 151151151, 49, 14),
(111, 161, '2019-01-06', 362, 1, 362362362, 10, 3),
(112, 55, '2019-01-30', 110, 1, 110110110, 65, 1),
(113, 403, '2019-01-17', 586, 2, 586586586, 87, 10),
(114, 424, '2019-01-13', 9, 1, 999, 65, 4),
(115, 421, '2019-01-02', 494, 2, 494494494, 7, 4),
(116, 180, '2019-01-02', 182, 2, 182182182, 79, 18),
(117, 152, '2019-01-30', 721, 1, 721721721, 106, 20),
(118, 196, '2019-01-14', 1045, 2, 0, 98, 12),
(119, 261, '2019-01-25', 828, 1, 828828828, 53, 4),
(120, 194, '2019-01-08', 695, 1, 695695695, 13, 17),
(121, 241, '2019-01-02', 538, 1, 538538538, 35, 10),
(122, 140, '2019-01-22', 805, 2, 805805805, 38, 19),
(123, 122, '2019-01-10', 654, 2, 654654654, 27, 13),
(124, 97, '2019-01-27', 503, 2, 503503503, 37, 1),
(125, 387, '2019-01-04', 123, 2, 123123123, 55, 11),
(126, 318, '2019-01-01', 57, 1, 575757, 13, 13),
(127, 504, '2019-01-07', 434, 1, 434434434, 79, 11),
(128, 221, '2019-01-15', 1455, 2, 0, 14, 8),
(129, 285, '2019-01-30', 1298, 1, 0, 51, 15),
(130, 510, '2019-01-29', 713, 1, 713713713, 13, 14),
(131, 225, '2019-01-04', 723, 2, 723723723, 28, 13),
(132, 101, '2019-01-19', 581, 2, 581581581, 65, 11),
(133, 38, '2019-01-13', 723, 1, 723723723, 81, 9),
(134, 60, '2019-01-05', 711, 1, 711711711, 75, 14),
(135, 383, '2019-01-10', 43, 1, 434343, 2, 7),
(136, 381, '2019-01-11', 1329, 2, 0, 38, 1),
(137, 278, '2019-01-21', 1181, 2, 0, 106, 7),
(138, 56, '2019-01-11', 1279, 1, 0, 37, 1),
(139, 36, '2019-01-13', 591, 1, 591591591, 43, 15),
(140, 504, '2019-01-20', 176, 2, 176176176, 87, 16),
(141, 365, '2019-01-13', 788, 1, 788788788, 72, 11),
(142, 318, '2019-01-26', 218, 2, 218218218, 82, 18),
(143, 31, '2019-01-21', 1224, 2, 0, 86, 13),
(144, 291, '2019-01-25', 565, 2, 565565565, 102, 12),
(145, 459, '2019-01-10', 1224, 2, 0, 103, 12),
(146, 64, '2019-01-05', 215, 2, 215215215, 97, 8),
(147, 39, '2019-01-27', 352, 2, 352352352, 49, 2),
(148, 219, '2019-01-26', 419, 1, 419419419, 26, 9),
(149, 508, '2019-01-23', 1411, 2, 0, 71, 14),
(150, 450, '2019-01-25', 1197, 2, 0, 78, 2),
(151, 275, '2019-01-09', 647, 1, 647647647, 99, 14),
(152, 303, '2019-01-13', 1079, 2, 0, 64, 2),
(153, 285, '2019-01-07', 197, 1, 197197197, 97, 2),
(154, 89, '2019-01-09', 644, 1, 644644644, 55, 8),
(155, 514, '2019-01-21', 122, 2, 122122122, 56, 13),
(156, 79, '2019-01-06', 193, 1, 193193193, 76, 16),
(157, 414, '2019-01-10', 737, 1, 737737737, 47, 19),
(158, 390, '2019-01-10', 779, 1, 779779779, 45, 4),
(159, 442, '2019-01-20', 408, 2, 408408408, 71, 1),
(160, 64, '2019-01-19', 2, 1, 222, 1, 13),
(161, 237, '2019-01-17', 211, 1, 211211211, 32, 1),
(162, 498, '2019-01-14', 740, 2, 740740740, 55, 5),
(163, 359, '2019-01-14', 1033, 2, 0, 84, 4),
(164, 510, '2019-01-29', 863, 1, 863863863, 61, 14),
(165, 320, '2019-01-20', 747, 1, 747747747, 93, 12),
(166, 389, '2019-01-16', 855, 2, 855855855, 83, 19),
(167, 207, '2019-01-28', 547, 1, 547547547, 22, 10),
(168, 100, '2019-01-20', 403, 2, 403403403, 60, 2),
(169, 490, '2019-01-17', 778, 2, 778778778, 9, 2),
(170, 55, '2019-01-26', 873, 1, 873873873, 85, 11),
(171, 381, '2019-01-15', 710, 1, 710710710, 34, 1),
(172, 252, '2019-01-28', 247, 2, 247247247, 55, 6),
(173, 172, '2019-01-12', 1022, 1, 0, 66, 1),
(174, 136, '2019-01-10', 387, 2, 387387387, 15, 11),
(175, 453, '2019-01-17', 538, 1, 538538538, 37, 12),
(176, 142, '2019-01-26', 168, 1, 168168168, 51, 9),
(177, 519, '2019-01-20', 891, 1, 891891891, 3, 18),
(178, 69, '2019-01-12', 794, 1, 794794794, 73, 12),
(179, 351, '2019-01-28', 741, 1, 741741741, 78, 2),
(180, 440, '2019-01-25', 410, 2, 410410410, 10, 3),
(181, 77, '2019-01-27', 1462, 2, 0, 99, 15),
(182, 503, '2019-01-14', 821, 1, 821821821, 49, 16),
(183, 364, '2019-01-08', 198, 1, 198198198, 23, 4),
(184, 279, '2019-01-08', 1084, 2, 0, 55, 3),
(185, 295, '2019-01-29', 154, 1, 154154154, 30, 5),
(186, 116, '2019-01-28', 678, 1, 678678678, 92, 2),
(187, 234, '2019-01-16', 81, 1, 818181, 110, 15),
(188, 497, '2019-01-10', 458, 2, 458458458, 27, 4),
(189, 229, '2019-01-24', 927, 2, 927927927, 109, 7),
(190, 379, '2019-01-05', 807, 1, 807807807, 10, 2),
(191, 219, '2019-01-13', 839, 1, 839839839, 84, 1),
(192, 468, '2019-01-10', 469, 2, 469469469, 92, 6),
(193, 250, '2019-01-14', 308, 2, 308308308, 100, 8),
(194, 282, '2019-01-24', 430, 1, 430430430, 55, 11),
(195, 297, '2019-01-06', 398, 1, 398398398, 112, 10),
(196, 363, '2019-01-25', 242, 1, 242242242, 109, 6),
(197, 376, '2019-01-20', 58, 2, 585858, 41, 19),
(198, 143, '2019-01-26', 1025, 1, 0, 45, 3),
(199, 69, '2019-01-18', 1462, 1, 0, 17, 10),
(200, 92, '2019-01-23', 933, 1, 933933933, 89, 8),
(201, 217, '2019-01-30', 1227, 2, 0, 16, 11),
(202, 191, '2019-01-14', 148, 1, 148148148, 97, 12),
(203, 71, '2019-01-04', 980, 1, 980980980, 80, 8),
(204, 211, '2019-01-01', 37, 1, 373737, 66, 7),
(205, 315, '2019-01-08', 942, 2, 942942942, 88, 2),
(206, 469, '2019-01-26', 427, 1, 427427427, 40, 1),
(207, 334, '2019-01-05', 1253, 2, 0, 33, 2),
(208, 468, '2019-01-04', 1155, 1, 0, 62, 18),
(209, 254, '2019-01-02', 241, 1, 241241241, 14, 12),
(210, 167, '2019-01-17', 839, 1, 839839839, 93, 7),
(211, 158, '2019-01-18', 1242, 1, 0, 47, 9),
(212, 202, '2019-01-20', 458, 1, 458458458, 55, 19),
(213, 506, '2019-01-04', 539, 2, 539539539, 19, 4),
(214, 377, '2019-01-14', 360, 1, 360360360, 91, 4),
(215, 263, '2019-01-13', 363, 1, 363363363, 21, 6),
(216, 258, '2019-01-02', 1333, 2, 0, 11, 5),
(217, 277, '2019-01-21', 236, 1, 236236236, 37, 20),
(218, 372, '2019-01-17', 1282, 2, 0, 83, 3),
(219, 345, '2019-01-25', 289, 2, 289289289, 68, 2),
(220, 191, '2019-01-28', 356, 1, 356356356, 40, 11),
(221, 460, '2019-01-14', 852, 2, 852852852, 16, 4),
(222, 481, '2019-01-10', 269, 2, 269269269, 29, 6),
(223, 434, '2019-01-21', 169, 1, 169169169, 76, 18),
(224, 352, '2019-01-17', 349, 2, 349349349, 27, 11),
(225, 35, '2019-01-16', 1478, 2, 0, 34, 11),
(226, 114, '2019-01-01', 4, 1, 444, 91, 6),
(227, 357, '2019-01-18', 55, 1, 555555, 103, 5),
(228, 461, '2019-01-29', 1248, 1, 0, 86, 19),
(229, 361, '2019-01-11', 643, 2, 643643643, 103, 18),
(230, 138, '2019-01-02', 334, 2, 334334334, 59, 5),
(231, 213, '2019-01-12', 1443, 2, 0, 32, 14),
(232, 460, '2019-01-06', 1359, 1, 0, 61, 4),
(233, 401, '2019-01-23', 525, 2, 525525525, 3, 11),
(234, 213, '2019-01-07', 913, 1, 913913913, 58, 8),
(235, 380, '2019-01-18', 722, 1, 722722722, 33, 14),
(236, 43, '2019-01-27', 1046, 2, 0, 46, 7),
(237, 142, '2019-01-25', 315, 1, 315315315, 78, 17),
(238, 394, '2019-01-08', 12, 1, 121212, 79, 3),
(239, 462, '2019-01-02', 1324, 1, 0, 58, 14),
(240, 82, '2019-01-11', 927, 2, 927927927, 75, 12),
(241, 75, '2019-01-31', 846, 2, 846846846, 73, 2),
(242, 500, '2019-01-16', 345, 1, 345345345, 43, 3),
(243, 212, '2019-01-07', 616, 2, 616616616, 77, 14),
(244, 194, '2019-01-25', 1047, 2, 0, 68, 10),
(245, 491, '2019-01-31', 807, 1, 807807807, 110, 3),
(246, 488, '2019-01-07', 247, 1, 247247247, 75, 11),
(247, 41, '2019-01-24', 1262, 1, 0, 53, 8),
(248, 45, '2019-01-25', 792, 2, 792792792, 69, 15),
(249, 305, '2019-01-14', 423, 1, 423423423, 70, 20),
(250, 29, '2019-01-02', 720, 2, 720720720, 71, 18),
(251, 517, '2019-01-03', 322, 2, 322322322, 23, 16),
(252, 95, '2019-01-14', 545, 2, 545545545, 10, 3),
(253, 30, '2019-01-12', 574, 2, 574574574, 21, 8),
(254, 311, '2019-01-03', 683, 1, 683683683, 75, 16),
(255, 422, '2019-01-11', 460, 2, 460460460, 33, 14),
(256, 194, '2019-01-30', 525, 2, 525525525, 59, 19),
(257, 359, '2019-01-26', 344, 1, 344344344, 15, 16),
(258, 150, '2019-01-22', 311, 2, 311311311, 79, 15),
(259, 149, '2019-01-31', 1225, 1, 0, 64, 10),
(260, 358, '2019-01-22', 837, 2, 837837837, 88, 12),
(261, 331, '2019-01-23', 257, 1, 257257257, 46, 12),
(262, 187, '2019-01-01', 142, 1, 142142142, 52, 7),
(263, 89, '2019-01-18', 940, 2, 940940940, 61, 5),
(264, 335, '2019-01-13', 1039, 1, 0, 34, 7),
(265, 158, '2019-01-23', 289, 2, 289289289, 11, 15),
(266, 517, '2019-01-30', 1259, 1, 0, 94, 7),
(267, 107, '2019-01-16', 127, 2, 127127127, 7, 12),
(268, 71, '2019-01-06', 386, 2, 386386386, 3, 11),
(269, 65, '2019-01-22', 675, 1, 675675675, 74, 11),
(270, 38, '2019-01-27', 597, 2, 597597597, 9, 3),
(271, 39, '2019-01-25', 1080, 2, 0, 108, 10),
(272, 205, '2019-01-13', 158, 2, 158158158, 107, 3),
(273, 151, '2019-01-14', 1115, 2, 0, 82, 20),
(274, 313, '2019-01-17', 842, 1, 842842842, 9, 3),
(275, 482, '2019-01-24', 1406, 1, 0, 112, 16),
(276, 512, '2019-01-12', 84, 1, 848484, 72, 9),
(277, 95, '2019-01-09', 943, 1, 943943943, 41, 11),
(278, 512, '2019-01-06', 1485, 1, 0, 66, 16),
(279, 453, '2019-01-15', 188, 1, 188188188, 49, 13),
(280, 390, '2019-01-18', 538, 2, 538538538, 97, 4),
(281, 436, '2019-01-15', 695, 1, 695695695, 47, 17),
(282, 514, '2019-01-22', 512, 2, 512512512, 48, 10),
(283, 454, '2019-01-02', 651, 1, 651651651, 49, 8),
(284, 320, '2019-01-12', 627, 2, 627627627, 63, 19),
(285, 518, '2019-01-11', 670, 2, 670670670, 81, 10),
(286, 207, '2019-01-26', 317, 2, 317317317, 36, 2),
(287, 82, '2019-01-30', 1084, 2, 0, 66, 4),
(288, 243, '2019-01-15', 71, 2, 717171, 57, 11),
(289, 495, '2019-01-20', 745, 2, 745745745, 94, 4),
(290, 101, '2019-01-10', 436, 2, 436436436, 60, 3),
(291, 179, '2019-01-18', 186, 1, 186186186, 32, 2),
(292, 57, '2019-01-08', 159, 2, 159159159, 26, 3),
(293, 247, '2019-01-17', 670, 1, 670670670, 102, 15),
(294, 383, '2019-01-15', 1241, 1, 0, 46, 13),
(295, 447, '2019-01-09', 109, 2, 109109109, 23, 7),
(296, 86, '2019-01-25', 136, 2, 136136136, 81, 15),
(297, 92, '2019-01-19', 581, 1, 581581581, 93, 2),
(298, 33, '2019-01-07', 471, 1, 471471471, 1, 9),
(299, 54, '2019-01-13', 110, 1, 110110110, 86, 19),
(300, 142, '2019-01-29', 828, 1, 828828828, 69, 6),
(301, 443, '2019-01-26', 11, 2, 111111, 15, 1),
(302, 334, '2019-01-15', 1052, 1, 0, 39, 4),
(303, 190, '2019-01-20', 613, 2, 613613613, 43, 11),
(304, 180, '2019-01-07', 63, 2, 636363, 35, 12),
(305, 224, '2019-01-14', 856, 1, 856856856, 78, 2),
(306, 310, '2019-01-02', 847, 1, 847847847, 27, 19),
(307, 153, '2019-01-05', 838, 1, 838838838, 14, 3),
(308, 470, '2019-01-03', 1165, 1, 0, 37, 17),
(309, 40, '2019-01-17', 817, 2, 817817817, 23, 3),
(310, 276, '2019-01-11', 795, 2, 795795795, 19, 16),
(311, 489, '2019-01-07', 410, 2, 410410410, 90, 10),
(312, 272, '2019-01-19', 925, 2, 925925925, 81, 16),
(313, 490, '2019-01-11', 536, 1, 536536536, 67, 18),
(314, 149, '2019-01-22', 817, 2, 817817817, 82, 3),
(315, 455, '2019-01-14', 433, 1, 433433433, 86, 14),
(316, 95, '2019-01-31', 145, 2, 145145145, 59, 1),
(317, 255, '2019-01-06', 151, 1, 151151151, 73, 13),
(318, 123, '2019-01-15', 229, 1, 229229229, 13, 8),
(319, 117, '2019-01-03', 1271, 2, 0, 33, 1),
(320, 454, '2019-01-12', 69, 1, 696969, 40, 7),
(321, 95, '2019-01-17', 723, 2, 723723723, 65, 13),
(322, 73, '2019-01-22', 814, 2, 814814814, 39, 1),
(323, 147, '2019-01-03', 937, 2, 937937937, 92, 17),
(324, 127, '2019-01-12', 626, 2, 626626626, 64, 1),
(325, 433, '2019-01-10', 1232, 2, 0, 19, 1),
(326, 452, '2019-01-17', 472, 1, 472472472, 60, 7),
(327, 305, '2019-01-17', 705, 2, 705705705, 65, 9),
(328, 300, '2019-01-21', 1435, 2, 0, 15, 7),
(329, 103, '2019-01-07', 716, 2, 716716716, 77, 7),
(330, 91, '2019-01-30', 808, 1, 808808808, 7, 11),
(331, 44, '2019-01-01', 515, 2, 515515515, 97, 9),
(332, 78, '2019-01-25', 434, 2, 434434434, 88, 8),
(333, 308, '2019-01-21', 38, 2, 383838, 19, 2),
(334, 80, '2019-01-17', 291, 1, 291291291, 80, 3),
(335, 354, '2019-01-13', 1223, 1, 0, 108, 5),
(336, 320, '2019-01-05', 815, 1, 815815815, 38, 8),
(337, 127, '2019-01-25', 1277, 2, 0, 65, 4),
(338, 358, '2019-01-01', 715, 2, 715715715, 5, 7),
(339, 104, '2019-01-27', 1357, 1, 0, 9, 19),
(340, 97, '2019-01-06', 646, 1, 646646646, 17, 1),
(341, 293, '2019-01-04', 695, 1, 695695695, 44, 8),
(342, 392, '2019-01-18', 375, 1, 375375375, 67, 10),
(343, 219, '2019-01-14', 523, 2, 523523523, 70, 17),
(344, 155, '2019-01-22', 875, 2, 875875875, 105, 3),
(345, 47, '2019-01-27', 750, 2, 750750750, 23, 4),
(346, 20, '2019-01-06', 358, 2, 358358358, 1, 2),
(347, 42, '2019-01-14', 863, 1, 863863863, 9, 14),
(348, 188, '2019-01-25', 413, 1, 413413413, 51, 17),
(349, 301, '2019-01-21', 261, 1, 261261261, 2, 17),
(350, 369, '2019-01-14', 912, 2, 912912912, 9, 5),
(351, 108, '2019-01-06', 74, 1, 747474, 52, 20),
(352, 487, '2019-01-22', 1406, 2, 0, 29, 10),
(353, 299, '2019-01-06', 1240, 1, 0, 44, 20),
(354, 314, '2019-01-15', 609, 1, 609609609, 69, 13),
(355, 74, '2019-01-12', 778, 1, 778778778, 71, 7),
(356, 349, '2019-01-29', 1201, 1, 0, 14, 5),
(357, 415, '2019-01-21', 306, 1, 306306306, 57, 5),
(358, 404, '2019-01-20', 11, 2, 111111, 50, 10),
(359, 340, '2019-01-01', 1430, 2, 0, 64, 15),
(360, 518, '2019-01-15', 1132, 1, 0, 79, 13),
(361, 515, '2019-01-23', 370, 1, 370370370, 30, 3),
(362, 452, '2019-01-29', 647, 1, 647647647, 3, 15),
(363, 493, '2019-01-06', 459, 1, 459459459, 77, 8),
(364, 242, '2019-01-05', 1089, 1, 0, 65, 18),
(365, 489, '2019-01-19', 1337, 2, 0, 57, 2),
(366, 402, '2019-01-15', 1184, 1, 0, 101, 4),
(367, 276, '2019-01-18', 728, 1, 728728728, 50, 19),
(368, 416, '2019-01-07', 403, 1, 403403403, 89, 9),
(369, 316, '2019-01-23', 51, 2, 515151, 30, 5),
(370, 482, '2019-01-09', 507, 2, 507507507, 42, 15),
(371, 131, '2019-01-25', 856, 1, 856856856, 86, 16),
(372, 374, '2019-01-03', 229, 1, 229229229, 79, 6),
(373, 159, '2019-01-26', 29, 2, 292929, 13, 8),
(374, 232, '2019-01-28', 1048, 1, 0, 5, 15),
(375, 267, '2019-01-22', 645, 1, 645645645, 72, 6),
(376, 516, '2019-01-14', 922, 2, 922922922, 63, 12),
(377, 338, '2019-01-15', 237, 1, 237237237, 111, 19),
(378, 123, '2019-01-12', 252, 1, 252252252, 97, 5),
(379, 227, '2019-01-18', 617, 1, 617617617, 111, 20),
(380, 219, '2019-01-12', 204, 2, 204204204, 73, 14),
(381, 141, '2019-01-29', 437, 1, 437437437, 62, 18),
(382, 452, '2019-01-25', 354, 2, 354354354, 77, 14),
(383, 254, '2019-01-20', 232, 1, 232232232, 30, 6),
(384, 387, '2019-01-02', 377, 1, 377377377, 107, 6),
(385, 510, '2019-01-10', 599, 2, 599599599, 36, 13),
(386, 402, '2019-01-11', 210, 2, 210210210, 40, 6),
(387, 278, '2019-01-13', 1109, 2, 0, 71, 8),
(388, 77, '2019-01-12', 869, 1, 869869869, 105, 11),
(389, 158, '2019-01-03', 370, 1, 370370370, 76, 3),
(390, 326, '2019-01-29', 546, 2, 546546546, 5, 14),
(391, 331, '2019-01-12', 1264, 2, 0, 6, 16),
(392, 51, '2019-01-28', 280, 2, 280280280, 6, 4),
(393, 291, '2019-01-26', 411, 2, 411411411, 5, 14),
(394, 219, '2019-01-23', 600, 1, 600600600, 59, 3),
(395, 497, '2019-01-15', 1210, 2, 0, 46, 6),
(396, 346, '2019-01-23', 732, 1, 732732732, 98, 7),
(397, 193, '2019-01-26', 1099, 1, 0, 53, 1),
(398, 428, '2019-01-21', 188, 2, 188188188, 92, 6),
(399, 376, '2019-01-06', 976, 2, 976976976, 66, 13),
(400, 137, '2019-01-20', 1396, 2, 0, 64, 16),
(401, 423, '2019-01-15', 1205, 2, 0, 26, 6),
(402, 202, '2019-01-20', 154, 1, 154154154, 112, 20),
(403, 226, '2019-01-28', 938, 2, 938938938, 41, 2),
(404, 471, '2019-01-23', 1372, 1, 0, 99, 19),
(405, 253, '2019-01-11', 1057, 1, 0, 60, 5),
(406, 193, '2019-01-13', 1250, 1, 0, 45, 11),
(407, 423, '2019-01-08', 346, 1, 346346346, 100, 8),
(408, 99, '2019-01-16', 68, 1, 686868, 36, 5),
(409, 217, '2019-01-14', 1259, 1, 0, 46, 15),
(410, 456, '2019-01-15', 326, 2, 326326326, 37, 6),
(411, 364, '2019-01-23', 1342, 1, 0, 12, 20),
(412, 97, '2019-01-13', 841, 2, 841841841, 19, 16),
(413, 119, '2019-01-28', 1003, 2, 0, 35, 1),
(414, 305, '2019-01-20', 1343, 1, 0, 12, 6),
(415, 248, '2019-01-23', 35, 2, 353535, 20, 18),
(416, 114, '2019-01-27', 215, 2, 215215215, 7, 5),
(417, 118, '2019-01-12', 904, 1, 904904904, 29, 3),
(418, 355, '2019-01-12', 237, 1, 237237237, 37, 3),
(419, 57, '2019-01-07', 1402, 2, 0, 110, 5),
(420, 484, '2019-01-19', 126, 2, 126126126, 19, 20),
(421, 156, '2019-01-07', 873, 2, 873873873, 80, 16),
(422, 442, '2019-01-07', 1233, 1, 0, 24, 7),
(423, 499, '2019-01-21', 749, 1, 749749749, 89, 16),
(424, 392, '2019-01-05', 1062, 2, 0, 24, 3),
(425, 277, '2019-01-29', 339, 2, 339339339, 37, 20),
(426, 362, '2019-01-05', 872, 2, 872872872, 98, 18),
(427, 249, '2019-01-09', 585, 1, 585585585, 104, 1),
(428, 233, '2019-01-02', 369, 2, 369369369, 97, 12),
(429, 61, '2019-01-10', 61, 1, 616161, 43, 4),
(430, 400, '2019-01-30', 1369, 2, 0, 40, 18),
(431, 273, '2019-01-25', 1019, 1, 0, 94, 16),
(432, 242, '2019-01-06', 540, 1, 540540540, 15, 5),
(433, 464, '2019-01-28', 1113, 1, 0, 40, 3),
(434, 214, '2019-01-23', 421, 1, 421421421, 73, 5),
(435, 225, '2019-01-31', 1335, 1, 0, 5, 1),
(436, 266, '2019-01-18', 413, 2, 413413413, 65, 5),
(437, 172, '2019-01-17', 1456, 2, 0, 78, 6),
(438, 202, '2019-01-30', 153, 2, 153153153, 16, 17),
(439, 461, '2019-01-07', 599, 2, 599599599, 15, 4),
(440, 447, '2019-01-10', 1191, 1, 0, 15, 9),
(441, 390, '2019-01-20', 1350, 2, 0, 8, 8),
(442, 141, '2019-01-08', 145, 1, 145145145, 35, 20),
(443, 246, '2019-01-12', 66, 1, 666666, 35, 2),
(444, 252, '2019-01-09', 793, 1, 793793793, 83, 4),
(445, 54, '2019-01-25', 306, 2, 306306306, 19, 17),
(446, 243, '2019-01-13', 715, 1, 715715715, 91, 14),
(447, 398, '2019-01-31', 1138, 2, 0, 105, 13),
(448, 195, '2019-01-08', 539, 1, 539539539, 5, 8),
(449, 189, '2019-01-23', 1154, 2, 0, 74, 8),
(450, 23, '2019-01-19', 676, 2, 676676676, 48, 5),
(451, 358, '2019-01-06', 364, 2, 364364364, 1, 4),
(452, 483, '2019-01-28', 183, 1, 183183183, 50, 11),
(453, 332, '2019-01-24', 626, 2, 626626626, 9, 6),
(454, 361, '2019-01-29', 652, 1, 652652652, 111, 12),
(455, 316, '2019-01-02', 176, 1, 176176176, 13, 8),
(456, 492, '2019-01-02', 611, 2, 611611611, 40, 4),
(457, 60, '2019-01-22', 158, 1, 158158158, 67, 8),
(458, 199, '2019-01-10', 802, 2, 802802802, 27, 8),
(459, 139, '2019-01-23', 1000, 1, 2147483647, 110, 7),
(460, 377, '2019-01-18', 1040, 1, 0, 65, 20),
(461, 288, '2019-01-26', 342, 1, 342342342, 95, 6),
(462, 332, '2019-01-25', 641, 2, 641641641, 78, 3),
(463, 512, '2019-01-23', 25, 1, 252525, 28, 8),
(464, 444, '2019-01-07', 505, 2, 505505505, 41, 15),
(465, 339, '2019-01-20', 1423, 1, 0, 45, 12),
(466, 158, '2019-01-25', 1250, 1, 0, 42, 18),
(467, 201, '2019-01-08', 796, 2, 796796796, 48, 13),
(468, 145, '2019-01-10', 493, 1, 493493493, 77, 19),
(469, 419, '2019-01-09', 579, 1, 579579579, 87, 8),
(470, 220, '2019-01-27', 341, 1, 341341341, 49, 10),
(471, 465, '2019-01-12', 1495, 2, 0, 107, 2),
(472, 205, '2019-01-07', 894, 1, 894894894, 98, 15),
(473, 455, '2019-01-20', 696, 1, 696696696, 66, 5),
(474, 67, '2019-01-18', 871, 2, 871871871, 109, 3),
(475, 406, '2019-01-30', 385, 1, 385385385, 10, 14),
(476, 409, '2019-01-06', 1398, 1, 0, 79, 5),
(477, 42, '2019-01-13', 1291, 1, 0, 52, 18),
(478, 170, '2019-01-18', 938, 1, 938938938, 77, 10),
(479, 99, '2019-01-12', 143, 2, 143143143, 33, 14),
(480, 46, '2019-01-11', 775, 2, 775775775, 25, 8),
(481, 356, '2019-01-04', 931, 2, 931931931, 47, 14),
(482, 96, '2019-01-02', 813, 1, 813813813, 76, 9),
(483, 449, '2019-01-06', 465, 2, 465465465, 51, 2),
(484, 188, '2019-01-09', 204, 1, 204204204, 25, 17),
(485, 251, '2019-01-18', 74, 2, 747474, 75, 12),
(486, 190, '2019-01-31', 847, 2, 847847847, 31, 10),
(487, 226, '2019-01-23', 256, 1, 256256256, 4, 8),
(488, 56, '2019-01-26', 1455, 1, 0, 75, 17),
(489, 507, '2019-01-12', 208, 2, 208208208, 82, 19),
(490, 495, '2019-01-28', 795, 2, 795795795, 59, 9),
(491, 265, '2019-01-31', 208, 2, 208208208, 70, 10),
(492, 113, '2019-01-13', 83, 2, 838383, 70, 7),
(493, 514, '2019-01-09', 191, 1, 191191191, 85, 4),
(494, 143, '2019-01-19', 721, 2, 721721721, 81, 10),
(495, 305, '2019-01-09', 689, 1, 689689689, 95, 4),
(496, 438, '2019-01-27', 1305, 1, 0, 83, 8),
(497, 268, '2019-01-22', 984, 1, 984984984, 93, 9),
(498, 317, '2019-01-21', 1142, 1, 0, 24, 7),
(499, 72, '2019-01-12', 212, 1, 212212212, 76, 14),
(500, 182, '2019-01-17', 635, 2, 635635635, 76, 17),
(501, 96, '2019-01-14', 936, 2, 936936936, 31, 3),
(502, 497, '2019-01-10', 418, 1, 418418418, 18, 9),
(503, 257, '2019-01-24', 1289, 1, 0, 46, 1),
(504, 83, '2019-01-22', 304, 2, 304304304, 55, 8),
(505, 202, '2019-01-24', 228, 2, 228228228, 79, 16),
(506, 118, '2019-01-27', 1130, 2, 0, 77, 8),
(507, 150, '2019-01-21', 840, 1, 840840840, 41, 7),
(508, 413, '2019-01-30', 264, 1, 264264264, 75, 13),
(509, 340, '2019-01-27', 198, 1, 198198198, 57, 7),
(510, 452, '2019-01-01', 1332, 2, 0, 100, 16),
(511, 431, '2019-01-23', 944, 1, 944944944, 60, 2),
(512, 251, '2019-01-17', 235, 1, 235235235, 20, 4),
(513, 396, '2019-01-19', 1429, 2, 0, 81, 12),
(514, 254, '2019-01-14', 1260, 2, 0, 66, 1),
(515, 210, '2019-01-08', 69, 1, 696969, 62, 18),
(516, 228, '2019-01-09', 764, 1, 764764764, 79, 12),
(517, 129, '2019-01-25', 448, 2, 448448448, 77, 10),
(518, 225, '2019-01-05', 471, 1, 471471471, 39, 2),
(519, 321, '2019-01-01', 355, 1, 355355355, 40, 15),
(520, 193, '2019-01-04', 1470, 1, 0, 65, 5),
(521, 158, '2019-01-12', 1481, 2, 0, 60, 17),
(522, 184, '2019-01-27', 120, 2, 120120120, 76, 19),
(523, 442, '2019-01-20', 359, 1, 359359359, 101, 14),
(524, 350, '2019-01-19', 147, 2, 147147147, 40, 16),
(525, 485, '2019-01-24', 578, 2, 578578578, 19, 12),
(526, 458, '2019-01-11', 722, 2, 722722722, 50, 18),
(527, 193, '2019-01-15', 699, 1, 699699699, 21, 19),
(528, 211, '2019-01-06', 219, 2, 219219219, 108, 5),
(529, 53, '2019-01-25', 210, 2, 210210210, 98, 7),
(530, 161, '2019-01-15', 337, 1, 337337337, 23, 6),
(531, 340, '2019-01-31', 965, 2, 965965965, 49, 13),
(532, 375, '2019-01-31', 384, 2, 384384384, 80, 3),
(533, 348, '2019-01-08', 1037, 1, 0, 22, 6),
(534, 320, '2019-01-06', 408, 2, 408408408, 68, 20),
(535, 227, '2019-01-09', 915, 1, 915915915, 88, 7),
(536, 463, '2019-01-26', 925, 1, 925925925, 75, 13),
(537, 114, '2019-01-02', 964, 2, 964964964, 87, 13),
(538, 150, '2019-01-09', 635, 2, 635635635, 21, 5),
(539, 486, '2019-01-02', 977, 2, 977977977, 88, 13),
(540, 124, '2019-01-05', 342, 2, 342342342, 94, 17),
(541, 351, '2019-01-28', 877, 2, 877877877, 2, 12),
(542, 78, '2019-01-10', 793, 2, 793793793, 85, 17),
(543, 300, '2019-01-04', 35, 2, 353535, 57, 7),
(544, 331, '2019-01-01', 525, 1, 525525525, 66, 6),
(545, 267, '2019-01-16', 291, 2, 291291291, 65, 10),
(546, 68, '2019-01-30', 105, 1, 105105105, 22, 17),
(547, 517, '2019-01-17', 1102, 1, 0, 35, 11),
(548, 470, '2019-01-28', 1399, 2, 0, 79, 19),
(549, 136, '2019-01-01', 617, 1, 617617617, 21, 1),
(550, 126, '2019-01-20', 167, 1, 167167167, 58, 6),
(551, 57, '2019-01-04', 816, 2, 816816816, 63, 1),
(552, 492, '2019-01-16', 463, 2, 463463463, 27, 6),
(553, 364, '2019-01-06', 362, 2, 362362362, 38, 4),
(554, 200, '2019-01-19', 1148, 1, 0, 82, 17),
(555, 136, '2019-01-08', 1088, 1, 0, 107, 12),
(556, 427, '2019-01-17', 1335, 1, 0, 61, 15),
(557, 70, '2019-01-21', 62, 2, 626262, 33, 1),
(558, 422, '2019-01-05', 95, 2, 959595, 32, 19),
(559, 498, '2019-01-09', 280, 1, 280280280, 39, 5),
(560, 266, '2019-01-05', 183, 2, 183183183, 77, 14),
(561, 28, '2019-01-15', 765, 2, 765765765, 16, 12),
(562, 203, '2019-01-16', 507, 2, 507507507, 58, 14),
(563, 333, '2019-01-02', 639, 2, 639639639, 61, 15),
(564, 93, '2019-01-18', 201, 1, 201201201, 42, 4),
(565, 323, '2019-01-02', 547, 1, 547547547, 24, 6),
(566, 215, '2019-01-14', 63, 2, 636363, 110, 13),
(567, 145, '2019-01-27', 715, 1, 715715715, 62, 15),
(568, 297, '2019-01-13', 148, 2, 148148148, 7, 15),
(569, 295, '2019-01-29', 653, 1, 653653653, 60, 4),
(570, 395, '2019-01-04', 508, 1, 508508508, 28, 13),
(571, 380, '2019-01-20', 1090, 2, 0, 86, 5),
(572, 137, '2019-01-22', 1158, 1, 0, 99, 20),
(573, 250, '2019-01-04', 191, 1, 191191191, 62, 18),
(574, 278, '2019-01-25', 279, 1, 279279279, 69, 6),
(575, 359, '2019-01-09', 1256, 1, 0, 49, 20),
(576, 163, '2019-01-07', 95, 2, 959595, 51, 15),
(577, 84, '2019-01-03', 1459, 1, 0, 6, 19),
(578, 448, '2019-01-05', 635, 1, 635635635, 94, 10),
(579, 61, '2019-01-02', 329, 1, 329329329, 56, 19),
(580, 265, '2019-01-15', 699, 2, 699699699, 62, 6),
(581, 180, '2019-01-24', 60, 2, 606060, 91, 11),
(582, 365, '2019-01-26', 1245, 1, 0, 81, 5),
(583, 511, '2019-01-19', 196, 1, 196196196, 36, 4),
(584, 59, '2019-01-17', 923, 2, 923923923, 69, 15),
(585, 154, '2019-01-14', 1, 2, 111, 78, 15),
(586, 352, '2019-01-22', 352, 2, 352352352, 48, 5),
(587, 248, '2019-01-12', 1029, 2, 0, 3, 3),
(588, 513, '2019-01-31', 543, 2, 543543543, 62, 8),
(589, 424, '2019-01-12', 262, 1, 262262262, 86, 2),
(590, 122, '2019-01-16', 156, 2, 156156156, 102, 4),
(591, 452, '2019-01-29', 1049, 1, 0, 7, 8),
(592, 422, '2019-01-01', 268, 1, 268268268, 12, 20),
(593, 32, '2019-01-28', 981, 2, 981981981, 37, 17),
(594, 354, '2019-01-06', 907, 1, 907907907, 44, 20),
(595, 217, '2019-01-13', 100, 1, 100100100, 27, 7),
(596, 257, '2019-01-21', 294, 1, 294294294, 44, 12),
(597, 253, '2019-01-16', 282, 2, 282282282, 90, 15),
(598, 296, '2019-01-18', 339, 2, 339339339, 21, 7),
(599, 297, '2019-01-15', 1477, 1, 0, 66, 9),
(600, 497, '2019-01-13', 410, 1, 410410410, 13, 11),
(601, 246, '2019-01-11', 563, 1, 563563563, 48, 12),
(602, 126, '2019-01-30', 857, 1, 857857857, 55, 17),
(603, 331, '2019-01-08', 818, 1, 818818818, 24, 20),
(604, 64, '2019-01-16', 1390, 2, 0, 77, 19),
(605, 133, '2019-01-09', 703, 2, 703703703, 20, 11),
(606, 111, '2019-01-15', 383, 2, 383383383, 86, 8),
(607, 448, '2019-01-08', 580, 2, 580580580, 10, 11),
(608, 265, '2019-01-03', 437, 2, 437437437, 45, 10),
(609, 503, '2019-01-01', 83, 1, 838383, 84, 13),
(610, 362, '2019-01-15', 134, 2, 134134134, 31, 19),
(611, 46, '2019-01-05', 361, 1, 361361361, 81, 11),
(612, 286, '2019-01-02', 498, 1, 498498498, 16, 15),
(613, 393, '2019-01-17', 759, 2, 759759759, 66, 19),
(614, 92, '2019-01-22', 1358, 1, 0, 62, 19),
(615, 189, '2019-01-24', 834, 2, 834834834, 105, 18),
(616, 49, '2019-01-23', 1423, 2, 0, 69, 7),
(617, 279, '2019-01-30', 608, 2, 608608608, 87, 1),
(618, 190, '2019-01-03', 881, 2, 881881881, 44, 14),
(619, 130, '2019-01-06', 1324, 1, 0, 112, 15),
(620, 367, '2019-01-18', 571, 1, 571571571, 30, 18),
(621, 425, '2019-01-04', 1273, 1, 0, 69, 19),
(622, 133, '2019-01-03', 980, 1, 980980980, 88, 17),
(623, 337, '2019-01-27', 883, 2, 883883883, 25, 8),
(624, 312, '2019-01-18', 655, 2, 655655655, 13, 2),
(625, 316, '2019-01-02', 1180, 1, 0, 37, 7),
(626, 73, '2019-01-19', 141, 1, 141141141, 1, 13),
(627, 79, '2019-01-28', 265, 1, 265265265, 16, 1),
(628, 266, '2019-01-15', 340, 1, 340340340, 74, 18),
(629, 30, '2019-01-23', 1211, 2, 0, 15, 20),
(630, 133, '2019-01-31', 311, 2, 311311311, 29, 18),
(631, 386, '2019-01-25', 608, 2, 608608608, 41, 13),
(632, 199, '2019-01-11', 10, 2, 101010, 67, 12),
(633, 350, '2019-01-09', 651, 2, 651651651, 24, 9),
(634, 57, '2019-01-06', 172, 1, 172172172, 41, 5),
(635, 57, '2019-01-16', 690, 2, 690690690, 65, 9),
(636, 442, '2019-01-10', 671, 1, 671671671, 49, 3),
(637, 399, '2019-01-19', 1371, 2, 0, 22, 5),
(638, 154, '2019-01-15', 308, 1, 308308308, 78, 12),
(639, 471, '2019-01-11', 610, 1, 610610610, 102, 13),
(640, 286, '2019-01-27', 362, 1, 362362362, 50, 16),
(641, 461, '2019-01-07', 1275, 2, 0, 94, 3),
(642, 111, '2019-01-11', 748, 1, 748748748, 28, 9),
(643, 203, '2019-01-09', 1446, 2, 0, 82, 11),
(644, 424, '2019-01-12', 267, 2, 267267267, 25, 8),
(645, 315, '2019-01-22', 517, 2, 517517517, 94, 10),
(646, 245, '2019-01-10', 279, 1, 279279279, 6, 8),
(647, 298, '2019-01-17', 134, 1, 134134134, 50, 5),
(648, 444, '2019-01-25', 73, 1, 737373, 110, 6),
(649, 91, '2019-01-15', 42, 2, 424242, 71, 11),
(650, 396, '2019-01-21', 867, 2, 867867867, 73, 9),
(651, 518, '2019-01-08', 1036, 2, 0, 102, 19),
(652, 338, '2019-01-28', 783, 2, 783783783, 3, 19),
(653, 163, '2019-01-25', 539, 2, 539539539, 2, 16),
(654, 65, '2019-01-29', 427, 2, 427427427, 106, 6),
(655, 271, '2019-01-06', 810, 1, 810810810, 1, 9),
(656, 514, '2019-01-24', 796, 1, 796796796, 84, 8),
(657, 500, '2019-01-26', 882, 1, 882882882, 52, 9),
(658, 280, '2019-01-30', 588, 2, 588588588, 75, 13),
(659, 124, '2019-01-09', 682, 1, 682682682, 15, 11),
(660, 240, '2019-01-03', 1390, 1, 0, 26, 3),
(661, 374, '2019-01-12', 1121, 1, 0, 12, 10),
(662, 139, '2019-01-08', 1277, 1, 0, 74, 14),
(663, 224, '2019-01-09', 749, 1, 749749749, 6, 15),
(664, 496, '2019-01-05', 553, 1, 553553553, 60, 11),
(665, 512, '2019-01-14', 1099, 1, 0, 9, 3),
(666, 442, '2019-01-07', 1434, 2, 0, 87, 9),
(667, 411, '2019-01-24', 414, 2, 414414414, 22, 9),
(668, 307, '2019-01-30', 1106, 1, 0, 34, 2),
(669, 394, '2019-01-22', 256, 1, 256256256, 88, 5),
(670, 435, '2019-01-05', 339, 1, 339339339, 47, 15),
(671, 33, '2019-01-09', 154, 2, 154154154, 106, 6),
(672, 479, '2019-01-18', 739, 2, 739739739, 8, 8),
(673, 429, '2019-01-25', 1235, 1, 0, 10, 10),
(674, 338, '2019-01-26', 810, 1, 810810810, 57, 4),
(675, 457, '2019-01-09', 1309, 2, 0, 32, 6),
(676, 444, '2019-01-13', 746, 1, 746746746, 44, 2),
(677, 510, '2019-01-29', 666, 2, 666666666, 85, 8),
(678, 337, '2019-01-05', 969, 1, 969969969, 93, 12),
(679, 418, '2019-01-19', 509, 1, 509509509, 101, 19),
(680, 99, '2019-01-06', 155, 2, 155155155, 100, 13),
(681, 99, '2019-01-08', 252, 2, 252252252, 97, 15),
(682, 453, '2019-01-09', 1008, 2, 0, 44, 14),
(683, 451, '2019-01-19', 80, 2, 808080, 41, 12),
(684, 297, '2019-01-29', 77, 2, 777777, 78, 18),
(685, 119, '2019-01-31', 487, 2, 487487487, 67, 16),
(686, 120, '2019-01-22', 246, 2, 246246246, 32, 3),
(687, 353, '2019-01-02', 843, 2, 843843843, 2, 12),
(688, 53, '2019-01-21', 574, 2, 574574574, 86, 7),
(689, 241, '2019-01-09', 328, 1, 328328328, 6, 7),
(690, 52, '2019-01-28', 718, 1, 718718718, 97, 15),
(691, 184, '2019-01-27', 458, 2, 458458458, 45, 12),
(692, 248, '2019-01-17', 103, 1, 103103103, 109, 19),
(693, 401, '2019-01-25', 532, 1, 532532532, 85, 5),
(694, 314, '2019-01-01', 575, 2, 575575575, 48, 4),
(695, 379, '2019-01-24', 1500, 2, 0, 79, 7),
(696, 114, '2019-01-26', 275, 1, 275275275, 108, 3),
(697, 247, '2019-01-28', 592, 1, 592592592, 85, 7),
(698, 248, '2019-01-28', 255, 2, 255255255, 52, 8),
(699, 312, '2019-01-03', 123, 1, 123123123, 9, 19),
(700, 74, '2019-01-29', 73, 2, 737373, 102, 13),
(701, 57, '2019-01-17', 442, 2, 442442442, 95, 2),
(702, 137, '2019-01-25', 183, 2, 183183183, 14, 4),
(703, 108, '2019-01-15', 791, 2, 791791791, 26, 18),
(704, 282, '2019-01-18', 1011, 1, 0, 98, 6),
(705, 443, '2019-01-10', 1408, 1, 0, 59, 16),
(706, 347, '2019-01-20', 540, 1, 540540540, 59, 19),
(707, 63, '2019-01-02', 926, 2, 926926926, 14, 5),
(708, 57, '2019-01-24', 1336, 2, 0, 77, 1),
(709, 494, '2019-01-05', 34, 2, 343434, 24, 13),
(710, 495, '2019-01-17', 421, 1, 421421421, 103, 15),
(711, 77, '2019-01-06', 634, 2, 634634634, 4, 6),
(712, 454, '2019-01-25', 113, 1, 113113113, 27, 3),
(713, 410, '2019-01-17', 1098, 2, 0, 57, 7),
(714, 437, '2019-01-16', 979, 1, 979979979, 104, 1),
(715, 98, '2019-01-07', 71, 1, 717171, 14, 5),
(716, 257, '2019-01-25', 291, 2, 291291291, 54, 6),
(717, 165, '2019-01-19', 735, 1, 735735735, 73, 20),
(718, 271, '2019-01-13', 496, 1, 496496496, 110, 4),
(719, 159, '2019-01-05', 989, 2, 989989989, 98, 19),
(720, 378, '2019-01-05', 378, 1, 378378378, 37, 2),
(721, 250, '2019-01-20', 929, 1, 929929929, 79, 5),
(722, 399, '2019-01-08', 405, 2, 405405405, 20, 4),
(723, 486, '2019-01-15', 254, 1, 254254254, 45, 10),
(724, 98, '2019-01-26', 356, 1, 356356356, 74, 14),
(725, 206, '2019-01-26', 47, 1, 474747, 12, 1),
(726, 113, '2019-01-06', 981, 1, 981981981, 67, 6),
(727, 35, '2019-01-04', 192, 2, 192192192, 86, 1),
(728, 110, '2019-01-27', 1486, 1, 0, 24, 8),
(729, 423, '2019-01-06', 548, 2, 548548548, 33, 12),
(730, 252, '2019-01-12', 487, 1, 487487487, 20, 15),
(731, 333, '2019-01-31', 781, 1, 781781781, 32, 20),
(732, 143, '2019-01-15', 490, 2, 490490490, 110, 16),
(733, 243, '2019-01-21', 650, 2, 650650650, 78, 6),
(734, 234, '2019-01-09', 108, 1, 108108108, 32, 19),
(735, 414, '2019-01-11', 749, 1, 749749749, 26, 6),
(736, 489, '2019-01-04', 296, 2, 296296296, 37, 11),
(737, 136, '2019-01-21', 914, 2, 914914914, 102, 16),
(738, 174, '2019-01-18', 798, 1, 798798798, 102, 3),
(739, 286, '2019-01-02', 1240, 1, 0, 1, 19),
(740, 220, '2019-01-23', 874, 1, 874874874, 50, 5),
(741, 294, '2019-01-21', 281, 1, 281281281, 94, 20),
(742, 57, '2019-01-14', 432, 2, 432432432, 103, 14),
(743, 63, '2019-01-04', 953, 1, 953953953, 85, 5),
(744, 332, '2019-01-29', 241, 1, 241241241, 56, 20),
(745, 365, '2019-01-15', 630, 2, 630630630, 67, 2),
(746, 73, '2019-01-31', 192, 1, 192192192, 34, 9),
(747, 378, '2019-01-06', 53, 1, 535353, 56, 18),
(748, 157, '2019-01-30', 1339, 2, 0, 77, 12),
(749, 353, '2019-01-28', 1249, 2, 0, 107, 4),
(750, 490, '2019-01-05', 1264, 2, 0, 7, 14),
(751, 154, '2019-01-23', 1454, 1, 0, 83, 19),
(752, 423, '2019-01-07', 499, 2, 499499499, 55, 17),
(753, 472, '2019-01-24', 228, 1, 228228228, 19, 8),
(754, 55, '2019-01-04', 567, 2, 567567567, 10, 8),
(755, 411, '2019-01-08', 602, 2, 602602602, 19, 13),
(756, 293, '2019-01-18', 1358, 1, 0, 3, 16),
(757, 167, '2019-01-02', 1253, 1, 0, 104, 13),
(758, 150, '2019-01-03', 626, 2, 626626626, 71, 14),
(759, 424, '2019-01-13', 677, 2, 677677677, 80, 17),
(760, 197, '2019-01-14', 855, 1, 855855855, 34, 11),
(761, 105, '2019-01-20', 474, 1, 474474474, 2, 14),
(762, 456, '2019-01-02', 422, 1, 422422422, 60, 5),
(763, 86, '2019-01-27', 1402, 2, 0, 14, 4),
(764, 32, '2019-01-21', 1150, 2, 0, 81, 11),
(765, 21, '2019-01-31', 604, 1, 604604604, 58, 11),
(766, 144, '2019-01-02', 855, 2, 855855855, 23, 4),
(767, 330, '2019-01-18', 977, 2, 977977977, 109, 12),
(768, 162, '2019-01-11', 68, 2, 686868, 35, 7),
(769, 335, '2019-01-01', 1088, 2, 0, 77, 2),
(770, 408, '2019-01-03', 931, 2, 931931931, 108, 7),
(771, 310, '2019-01-17', 1276, 1, 0, 75, 17),
(772, 148, '2019-01-19', 468, 1, 468468468, 93, 6),
(773, 176, '2019-01-06', 963, 1, 963963963, 88, 11),
(774, 309, '2019-01-23', 1405, 1, 0, 83, 8),
(775, 517, '2019-01-21', 902, 2, 902902902, 10, 19),
(776, 327, '2019-01-27', 869, 1, 869869869, 29, 17),
(777, 463, '2019-01-14', 758, 1, 758758758, 35, 1),
(778, 119, '2019-01-01', 366, 2, 366366366, 61, 7),
(779, 360, '2019-01-18', 85, 1, 858585, 43, 17),
(780, 130, '2019-01-06', 1273, 1, 0, 56, 17),
(781, 127, '2019-01-07', 52, 2, 525252, 58, 20),
(782, 144, '2019-01-02', 898, 2, 898898898, 81, 7),
(783, 460, '2019-01-06', 93, 2, 939393, 41, 9),
(784, 50, '2019-01-15', 983, 1, 983983983, 47, 1),
(785, 34, '2019-01-11', 747, 1, 747747747, 54, 15),
(786, 80, '2019-01-20', 686, 1, 686686686, 87, 10),
(787, 355, '2019-01-22', 602, 2, 602602602, 35, 10),
(788, 126, '2019-01-18', 477, 2, 477477477, 13, 17),
(789, 50, '2019-01-02', 572, 1, 572572572, 43, 6),
(790, 379, '2019-01-28', 28, 1, 282828, 47, 2),
(791, 267, '2019-01-03', 828, 1, 828828828, 17, 11),
(792, 505, '2019-01-17', 321, 2, 321321321, 32, 19),
(793, 304, '2019-01-19', 454, 2, 454454454, 58, 18),
(794, 482, '2019-01-20', 696, 1, 696696696, 31, 11),
(795, 222, '2019-01-26', 63, 2, 636363, 24, 14),
(796, 298, '2019-01-22', 832, 2, 832832832, 33, 17),
(797, 340, '2019-01-18', 820, 2, 820820820, 7, 2),
(798, 360, '2019-01-28', 411, 1, 411411411, 72, 7),
(799, 204, '2019-01-19', 189, 1, 189189189, 72, 5),
(800, 159, '2019-01-20', 267, 2, 267267267, 2, 8),
(801, 317, '2019-01-26', 313, 1, 313313313, 37, 14),
(802, 376, '2019-01-05', 969, 2, 969969969, 19, 4),
(803, 447, '2019-01-16', 182, 1, 182182182, 82, 14),
(804, 427, '2019-01-02', 331, 2, 331331331, 83, 4),
(805, 366, '2019-01-18', 612, 1, 612612612, 93, 12),
(806, 64, '2019-01-12', 1358, 1, 0, 110, 13),
(807, 146, '2019-01-30', 1300, 1, 0, 87, 2),
(808, 438, '2019-01-05', 73, 1, 737373, 112, 14),
(809, 36, '2019-01-05', 1134, 1, 0, 29, 14),
(810, 310, '2019-01-04', 1206, 1, 0, 29, 18),
(811, 124, '2019-01-20', 1059, 1, 0, 108, 11),
(812, 364, '2019-01-02', 832, 1, 832832832, 43, 15),
(813, 283, '2019-01-30', 544, 1, 544544544, 93, 11),
(814, 363, '2019-01-14', 611, 2, 611611611, 78, 13),
(815, 91, '2019-01-22', 1063, 2, 0, 58, 11),
(816, 321, '2019-01-16', 672, 2, 672672672, 33, 14),
(817, 172, '2019-01-24', 434, 2, 434434434, 60, 10),
(818, 268, '2019-01-09', 767, 2, 767767767, 77, 19),
(819, 341, '2019-01-13', 930, 2, 930930930, 18, 1),
(820, 416, '2019-01-07', 359, 2, 359359359, 28, 17),
(821, 289, '2019-01-29', 830, 1, 830830830, 41, 8),
(822, 197, '2019-01-09', 654, 2, 654654654, 17, 8),
(823, 431, '2019-01-03', 190, 2, 190190190, 45, 8),
(824, 43, '2019-01-18', 797, 2, 797797797, 69, 16),
(825, 337, '2019-01-05', 251, 1, 251251251, 79, 7),
(826, 226, '2019-01-28', 537, 2, 537537537, 97, 9),
(827, 182, '2019-01-10', 743, 1, 743743743, 81, 2),
(828, 411, '2019-01-14', 372, 2, 372372372, 51, 12),
(829, 94, '2019-01-13', 470, 2, 470470470, 56, 19),
(830, 357, '2019-01-29', 1206, 2, 0, 87, 8),
(831, 472, '2019-01-07', 239, 1, 239239239, 111, 14),
(832, 30, '2019-01-08', 642, 2, 642642642, 36, 8),
(833, 421, '2019-01-21', 426, 2, 426426426, 34, 13),
(834, 62, '2019-01-01', 907, 2, 907907907, 79, 2),
(835, 412, '2019-01-01', 223, 2, 223223223, 89, 7),
(836, 257, '2019-01-12', 221, 2, 221221221, 23, 15),
(837, 317, '2019-01-01', 840, 2, 840840840, 30, 16),
(838, 102, '2019-01-16', 471, 2, 471471471, 107, 13),
(839, 313, '2019-01-17', 660, 2, 660660660, 34, 13),
(840, 353, '2019-01-20', 66, 1, 666666, 52, 6),
(841, 197, '2019-01-09', 314, 2, 314314314, 101, 11),
(842, 207, '2019-01-29', 1430, 2, 0, 55, 3),
(843, 397, '2019-01-27', 207, 2, 207207207, 78, 19),
(844, 478, '2019-01-22', 1429, 1, 0, 41, 11),
(845, 444, '2019-01-09', 241, 2, 241241241, 37, 18),
(846, 449, '2019-01-14', 690, 1, 690690690, 99, 7),
(847, 217, '2019-01-16', 18, 2, 181818, 56, 6),
(848, 474, '2019-01-22', 890, 1, 890890890, 18, 18),
(849, 487, '2019-01-07', 830, 1, 830830830, 42, 1),
(850, 405, '2019-01-14', 422, 2, 422422422, 3, 15),
(851, 426, '2019-01-06', 405, 1, 405405405, 2, 13),
(852, 91, '2019-01-17', 1492, 1, 0, 83, 12),
(853, 470, '2019-01-27', 133, 1, 133133133, 72, 15),
(854, 319, '2019-01-28', 165, 1, 165165165, 79, 16),
(855, 508, '2019-01-16', 369, 1, 369369369, 55, 10),
(856, 440, '2019-01-04', 152, 1, 152152152, 85, 7),
(857, 179, '2019-01-28', 230, 1, 230230230, 83, 17),
(858, 98, '2019-01-05', 781, 1, 781781781, 71, 15),
(859, 54, '2019-01-05', 1361, 1, 0, 29, 9),
(860, 315, '2019-01-20', 1157, 1, 0, 107, 19),
(861, 496, '2019-01-06', 862, 1, 862862862, 97, 1),
(862, 177, '2019-01-16', 815, 2, 815815815, 7, 4),
(863, 306, '2019-01-24', 1031, 2, 0, 54, 5),
(864, 29, '2019-01-14', 373, 2, 373373373, 47, 11),
(865, 24, '2019-01-02', 642, 2, 642642642, 88, 18),
(866, 446, '2019-01-08', 284, 1, 284284284, 83, 17),
(867, 473, '2019-01-22', 846, 2, 846846846, 21, 15),
(868, 219, '2019-01-11', 45, 2, 454545, 78, 11),
(869, 490, '2019-01-05', 1407, 2, 0, 18, 6),
(870, 314, '2019-01-02', 219, 1, 219219219, 15, 8),
(871, 272, '2019-01-12', 348, 2, 348348348, 29, 12),
(872, 356, '2019-01-25', 748, 2, 748748748, 109, 5),
(873, 253, '2019-01-07', 981, 1, 981981981, 47, 8),
(874, 208, '2019-01-30', 29, 1, 292929, 30, 2),
(875, 252, '2019-01-25', 767, 2, 767767767, 53, 7),
(876, 128, '2019-01-28', 1401, 1, 0, 7, 17),
(877, 436, '2019-01-13', 321, 1, 321321321, 9, 13),
(878, 27, '2019-01-11', 749, 1, 749749749, 69, 13),
(879, 292, '2019-01-20', 995, 2, 995995995, 104, 11),
(880, 243, '2019-01-14', 322, 2, 322322322, 68, 20),
(881, 58, '2019-01-29', 1397, 1, 0, 18, 1),
(882, 498, '2019-01-26', 87, 2, 878787, 42, 1),
(883, 165, '2019-01-06', 1322, 2, 0, 26, 18),
(884, 173, '2019-01-20', 924, 1, 924924924, 71, 6),
(885, 138, '2019-01-25', 614, 1, 614614614, 25, 19),
(886, 107, '2019-01-13', 1431, 2, 0, 30, 8),
(887, 294, '2019-01-26', 696, 1, 696696696, 20, 6),
(888, 470, '2019-01-01', 1032, 2, 0, 36, 4),
(889, 278, '2019-01-07', 354, 2, 354354354, 44, 4),
(890, 428, '2019-01-24', 1259, 1, 0, 5, 20),
(891, 238, '2019-01-21', 498, 1, 498498498, 32, 3),
(892, 433, '2019-01-20', 428, 1, 428428428, 92, 9),
(893, 434, '2019-01-11', 432, 2, 432432432, 104, 18),
(894, 382, '2019-01-15', 543, 1, 543543543, 110, 10),
(895, 319, '2019-01-01', 155, 1, 155155155, 112, 20),
(896, 458, '2019-01-01', 1209, 2, 0, 54, 8),
(897, 281, '2019-01-07', 540, 1, 540540540, 107, 2),
(898, 445, '2019-01-13', 618, 1, 618618618, 19, 8),
(899, 332, '2019-01-26', 206, 2, 206206206, 57, 3),
(900, 321, '2019-01-03', 543, 1, 543543543, 108, 3),
(901, 519, '2019-01-09', 921, 1, 921921921, 58, 8),
(902, 110, '2019-01-18', 1061, 2, 0, 111, 10),
(903, 303, '2019-01-11', 467, 2, 467467467, 77, 2),
(904, 355, '2019-01-23', 1382, 2, 0, 63, 7),
(905, 85, '2019-01-28', 267, 1, 267267267, 47, 3),
(906, 168, '2019-01-17', 1465, 1, 0, 54, 14),
(907, 333, '2019-01-18', 699, 2, 699699699, 22, 3),
(908, 311, '2019-01-19', 597, 2, 597597597, 104, 13),
(909, 317, '2019-01-19', 182, 1, 182182182, 59, 20),
(910, 32, '2019-01-18', 936, 1, 936936936, 102, 8),
(911, 171, '2019-01-24', 1026, 1, 0, 14, 20),
(912, 458, '2019-01-27', 1470, 2, 0, 61, 13),
(913, 394, '2019-01-01', 1311, 1, 0, 89, 9),
(914, 156, '2019-01-25', 782, 1, 782782782, 104, 6),
(915, 468, '2019-01-05', 1486, 2, 0, 43, 5),
(916, 487, '2019-01-25', 870, 2, 870870870, 59, 10),
(917, 165, '2019-01-05', 931, 2, 931931931, 50, 7),
(918, 339, '2019-01-09', 768, 2, 768768768, 51, 1),
(919, 353, '2019-01-01', 127, 2, 127127127, 8, 16),
(920, 395, '2019-01-17', 210, 2, 210210210, 102, 2),
(921, 127, '2019-01-05', 20, 2, 202020, 61, 9),
(922, 383, '2019-01-18', 645, 2, 645645645, 93, 20),
(923, 109, '2019-01-12', 1366, 1, 0, 95, 19),
(924, 210, '2019-01-19', 960, 1, 960960960, 43, 12),
(925, 372, '2019-01-19', 408, 2, 408408408, 30, 16),
(926, 189, '2019-01-01', 873, 2, 873873873, 63, 9),
(927, 313, '2019-01-27', 125, 2, 125125125, 3, 13),
(928, 71, '2019-01-02', 886, 1, 886886886, 13, 7),
(929, 468, '2019-01-01', 125, 2, 125125125, 63, 11),
(930, 50, '2019-01-09', 471, 2, 471471471, 68, 11),
(931, 355, '2019-01-06', 517, 1, 517517517, 57, 14),
(932, 150, '2019-01-25', 896, 2, 896896896, 20, 9),
(933, 149, '2019-01-19', 534, 2, 534534534, 45, 20),
(934, 312, '2019-01-03', 151, 2, 151151151, 45, 12),
(935, 292, '2019-01-11', 452, 1, 452452452, 38, 9),
(936, 390, '2019-01-07', 930, 2, 930930930, 15, 9),
(937, 452, '2019-01-26', 985, 2, 985985985, 89, 10),
(938, 227, '2019-01-02', 485, 1, 485485485, 4, 20),
(939, 327, '2019-01-19', 1364, 2, 0, 67, 8),
(940, 23, '2019-01-08', 1361, 2, 0, 81, 7),
(941, 77, '2019-01-04', 866, 1, 866866866, 63, 18),
(942, 322, '2019-01-30', 342, 1, 342342342, 91, 6),
(943, 255, '2019-01-13', 640, 1, 640640640, 46, 7),
(944, 138, '2019-01-15', 436, 2, 436436436, 31, 3),
(945, 442, '2019-01-09', 413, 2, 413413413, 67, 1),
(946, 113, '2019-01-10', 183, 2, 183183183, 97, 10),
(947, 452, '2019-01-13', 1010, 2, 0, 107, 2),
(948, 236, '2019-01-04', 793, 2, 793793793, 101, 14),
(949, 115, '2019-01-15', 1132, 1, 0, 23, 8),
(950, 176, '2019-01-27', 59, 1, 595959, 64, 20),
(951, 77, '2019-01-30', 2, 2, 222, 87, 1),
(952, 149, '2019-01-24', 401, 2, 401401401, 16, 13),
(953, 325, '2019-01-03', 543, 1, 543543543, 57, 7),
(954, 484, '2019-01-15', 57, 1, 575757, 102, 17),
(955, 247, '2019-01-17', 1453, 2, 0, 13, 2),
(956, 253, '2019-01-22', 1393, 1, 0, 11, 6),
(957, 58, '2019-01-29', 282, 2, 282282282, 89, 4),
(958, 30, '2019-01-22', 440, 2, 440440440, 109, 15),
(959, 130, '2019-01-20', 628, 1, 628628628, 1, 1),
(960, 458, '2019-01-27', 116, 1, 116116116, 89, 13),
(961, 446, '2019-01-10', 440, 2, 440440440, 89, 11),
(962, 366, '2019-01-30', 160, 1, 160160160, 25, 8),
(963, 27, '2019-01-11', 701, 1, 701701701, 9, 1),
(964, 270, '2019-01-29', 154, 1, 154154154, 43, 15),
(965, 252, '2019-01-24', 703, 2, 703703703, 109, 19),
(966, 193, '2019-01-01', 231, 1, 231231231, 62, 8),
(967, 392, '2019-01-12', 1148, 2, 0, 44, 8),
(968, 169, '2019-01-23', 374, 2, 374374374, 111, 11),
(969, 390, '2019-01-02', 51, 2, 515151, 33, 12),
(970, 354, '2019-01-16', 180, 1, 180180180, 60, 16),
(971, 287, '2019-01-01', 515, 1, 515515515, 66, 9),
(972, 63, '2019-01-22', 164, 1, 164164164, 38, 3),
(973, 282, '2019-01-04', 851, 1, 851851851, 26, 1),
(974, 203, '2019-01-21', 531, 1, 531531531, 24, 13),
(975, 186, '2019-01-09', 635, 2, 635635635, 27, 18),
(976, 430, '2019-01-22', 349, 1, 349349349, 80, 10),
(977, 286, '2019-01-10', 827, 1, 827827827, 84, 10),
(978, 291, '2019-01-02', 702, 2, 702702702, 40, 8),
(979, 308, '2019-01-09', 937, 1, 937937937, 109, 16),
(980, 414, '2019-01-26', 1448, 2, 0, 102, 4),
(981, 256, '2019-01-21', 476, 1, 476476476, 59, 18),
(982, 218, '2019-01-16', 1094, 2, 0, 90, 20),
(983, 127, '2019-01-01', 862, 1, 862862862, 37, 7),
(984, 70, '2019-01-09', 7, 2, 777, 52, 17),
(985, 461, '2019-01-18', 256, 2, 256256256, 22, 2),
(986, 265, '2019-01-10', 552, 1, 552552552, 1, 17),
(987, 518, '2019-01-12', 1345, 1, 0, 46, 19),
(988, 367, '2019-01-08', 1465, 2, 0, 1, 4),
(989, 400, '2019-01-14', 490, 2, 490490490, 29, 2),
(990, 25, '2019-01-06', 1055, 2, 0, 61, 8),
(991, 481, '2019-01-10', 1486, 2, 0, 31, 9),
(992, 433, '2019-01-22', 957, 2, 957957957, 44, 17),
(993, 366, '2019-01-31', 434, 1, 434434434, 11, 6),
(994, 363, '2019-01-24', 377, 2, 377377377, 87, 9),
(995, 455, '2019-01-30', 803, 1, 803803803, 14, 8),
(996, 334, '2019-01-23', 675, 1, 675675675, 85, 6),
(997, 407, '2019-01-07', 310, 1, 310310310, 14, 5),
(998, 516, '2019-01-24', 805, 1, 805805805, 86, 4),
(999, 244, '2019-01-07', 164, 1, 164164164, 66, 7),
(1000, 28, '2019-01-11', 1392, 1, 0, 101, 16),
(1001, 479, '2019-01-19', 557, 2, 557557557, 50, 5),
(1002, 53, '2019-01-15', 951, 1, 951951951, 19, 7),
(1003, 181, '2019-01-22', 123, 2, 123123123, 30, 14),
(1004, 395, '2019-01-21', 531, 2, 531531531, 107, 18),
(1005, 476, '2019-01-15', 594, 1, 594594594, 35, 9),
(1006, 93, '2019-01-03', 209, 1, 209209209, 39, 20),
(1007, 491, '2019-01-29', 770, 2, 770770770, 84, 12),
(1008, 383, '2019-01-08', 319, 1, 319319319, 62, 12),
(1009, 331, '2019-01-13', 124, 2, 124124124, 70, 12),
(1010, 255, '2019-01-13', 787, 2, 787787787, 94, 19),
(1011, 79, '2019-01-12', 604, 2, 604604604, 109, 10),
(1012, 164, '2019-01-23', 530, 2, 530530530, 66, 15),
(1013, 187, '2019-01-03', 958, 2, 958958958, 38, 20),
(1014, 358, '2019-01-29', 76, 1, 767676, 42, 10),
(1015, 277, '2019-01-05', 234, 1, 234234234, 86, 9),
(1016, 102, '2019-01-22', 481, 1, 481481481, 44, 13),
(1017, 203, '2019-01-23', 234, 1, 234234234, 63, 18),
(1018, 155, '2019-01-09', 910, 2, 910910910, 83, 11),
(1019, 112, '2019-01-12', 489, 2, 489489489, 45, 20),
(1020, 195, '2019-01-10', 666, 1, 666666666, 71, 16),
(1021, 119, '2019-01-07', 74, 2, 747474, 56, 13),
(1022, 289, '2019-01-12', 294, 2, 294294294, 102, 13),
(1023, 66, '2019-01-24', 668, 2, 668668668, 93, 7),
(1024, 413, '2019-01-15', 354, 1, 354354354, 60, 11),
(1025, 55, '2019-01-10', 674, 1, 674674674, 92, 13),
(1026, 101, '2019-01-12', 568, 1, 568568568, 26, 7),
(1027, 438, '2019-01-27', 916, 2, 916916916, 5, 17),
(1028, 339, '2019-01-02', 508, 2, 508508508, 45, 15),
(1029, 362, '2019-01-02', 270, 2, 270270270, 71, 10),
(1030, 503, '2019-01-11', 96, 1, 969696, 14, 1),
(1031, 123, '2019-01-26', 485, 1, 485485485, 100, 3),
(1032, 370, '2019-01-09', 334, 2, 334334334, 97, 19),
(1033, 213, '2019-01-02', 4, 1, 444, 26, 12),
(1034, 353, '2019-01-25', 107, 1, 107107107, 94, 6),
(1035, 252, '2019-01-08', 214, 2, 214214214, 100, 13);
INSERT INTO `orders` (`order_id`, `money`, `date`, `customer_id`, `store_id`, `card_id`, `oproduct_id`, `oproduct_quantity`) VALUES
(1036, 228, '2019-01-25', 830, 2, 830830830, 41, 11),
(1037, 277, '2019-01-08', 878, 2, 878878878, 28, 5),
(1038, 259, '2019-01-07', 324, 2, 324324324, 68, 3),
(1039, 62, '2019-01-27', 476, 1, 476476476, 32, 12),
(1040, 140, '2019-01-03', 482, 2, 482482482, 49, 18),
(1041, 448, '2019-01-20', 214, 1, 214214214, 109, 14),
(1042, 117, '2019-01-17', 674, 2, 674674674, 106, 10),
(1043, 351, '2019-01-21', 347, 2, 347347347, 82, 14),
(1044, 131, '2019-01-12', 492, 1, 492492492, 67, 11),
(1045, 196, '2019-01-27', 790, 1, 790790790, 87, 18),
(1046, 290, '2019-01-04', 391, 1, 391391391, 94, 4),
(1047, 129, '2019-01-25', 531, 1, 531531531, 110, 3),
(1048, 295, '2019-01-19', 4, 1, 444, 21, 14),
(1049, 422, '2019-01-15', 91, 2, 919191, 35, 7),
(1050, 286, '2019-01-24', 259, 2, 259259259, 95, 13),
(1051, 361, '2019-01-24', 835, 1, 835835835, 5, 20),
(1052, 498, '2019-01-30', 799, 1, 799799799, 66, 17),
(1053, 226, '2019-01-12', 69, 2, 696969, 69, 11),
(1054, 266, '2019-01-16', 750, 2, 750750750, 20, 14),
(1055, 510, '2019-01-08', 196, 2, 196196196, 86, 18),
(1056, 176, '2019-01-30', 446, 2, 446446446, 22, 13),
(1057, 328, '2019-01-24', 326, 1, 326326326, 54, 20),
(1058, 355, '2019-01-24', 253, 2, 253253253, 28, 5),
(1059, 516, '2019-01-02', 44, 2, 444444, 7, 12),
(1060, 227, '2019-01-31', 681, 1, 681681681, 83, 12),
(1061, 467, '2019-01-18', 748, 1, 748748748, 108, 12),
(1062, 33, '2019-01-27', 156, 2, 156156156, 80, 17),
(1063, 149, '2019-01-09', 678, 2, 678678678, 108, 7),
(1064, 20, '2019-01-12', 410, 2, 410410410, 1, 4),
(1065, 286, '2019-01-26', 989, 1, 989989989, 104, 1),
(1066, 323, '2019-01-16', 274, 1, 274274274, 84, 9),
(1067, 62, '2019-01-06', 115, 1, 115115115, 18, 12),
(1068, 494, '2019-01-31', 575, 1, 575575575, 19, 1),
(1069, 219, '2019-01-12', 310, 2, 310310310, 107, 9),
(1070, 106, '2019-01-20', 866, 2, 866866866, 12, 2),
(1071, 501, '2019-01-24', 119, 1, 119119119, 11, 3),
(1072, 429, '2019-01-14', 527, 2, 527527527, 84, 9),
(1073, 404, '2019-01-27', 152, 1, 152152152, 37, 2),
(1074, 46, '2019-01-28', 390, 1, 390390390, 11, 5),
(1075, 236, '2019-01-17', 210, 1, 210210210, 22, 11),
(1076, 305, '2019-01-30', 13, 1, 131313, 47, 17),
(1077, 353, '2019-01-14', 887, 1, 887887887, 92, 13),
(1078, 64, '2019-01-14', 974, 1, 974974974, 87, 16),
(1079, 22, '2019-01-05', 857, 1, 857857857, 10, 13),
(1080, 74, '2019-01-03', 194, 1, 194194194, 78, 9),
(1081, 33, '2019-01-21', 488, 2, 488488488, 54, 8),
(1082, 77, '2019-01-15', 37, 1, 373737, 89, 9),
(1083, 422, '2019-01-20', 312, 1, 312312312, 63, 15),
(1084, 78, '2019-01-06', 173, 2, 173173173, 107, 17),
(1085, 389, '2019-01-04', 751, 1, 751751751, 84, 10),
(1086, 23, '2019-01-27', 988, 2, 988988988, 48, 1),
(1087, 480, '2019-01-15', 927, 1, 927927927, 57, 10),
(1088, 109, '2019-01-16', 558, 1, 558558558, 98, 11),
(1089, 303, '2019-01-21', 650, 2, 650650650, 11, 15),
(1090, 279, '2019-01-28', 16, 1, 161616, 101, 14),
(1091, 408, '2019-01-20', 854, 2, 854854854, 81, 16),
(1092, 517, '2019-01-16', 840, 2, 840840840, 87, 16),
(1093, 137, '2019-01-20', 46, 1, 464646, 111, 2),
(1094, 364, '2019-01-16', 903, 2, 903903903, 24, 20),
(1095, 146, '2019-01-13', 678, 2, 678678678, 18, 8),
(1096, 449, '2019-01-17', 244, 2, 244244244, 100, 10),
(1097, 212, '2019-01-20', 284, 1, 284284284, 30, 12),
(1098, 208, '2019-01-22', 232, 1, 232232232, 58, 15),
(1099, 255, '2019-01-08', 830, 1, 830830830, 61, 19),
(1100, 400, '2019-01-22', 690, 1, 690690690, 59, 8),
(1101, 236, '2019-01-17', 423, 1, 423423423, 54, 13),
(1102, 73, '2019-01-26', 200, 2, 200200200, 68, 10),
(1103, 55, '2019-01-14', 454, 1, 454454454, 74, 1),
(1104, 192, '2019-01-31', 395, 2, 395395395, 106, 10),
(1105, 242, '2019-01-23', 124, 2, 124124124, 52, 17),
(1106, 378, '2019-01-13', 649, 2, 649649649, 37, 17),
(1107, 500, '2019-01-05', 284, 1, 284284284, 108, 9),
(1108, 147, '2019-01-04', 986, 1, 986986986, 108, 13),
(1109, 109, '2019-01-12', 966, 1, 966966966, 26, 13),
(1110, 31, '2019-01-29', 301, 1, 301301301, 73, 12),
(1111, 232, '2019-01-02', 185, 1, 185185185, 47, 6),
(1112, 387, '2019-01-12', 568, 1, 568568568, 107, 11),
(1113, 480, '2019-01-17', 406, 1, 406406406, 92, 17),
(1114, 51, '2019-01-02', 784, 2, 784784784, 100, 15),
(1115, 260, '2019-01-01', 774, 2, 774774774, 16, 7),
(1116, 382, '2019-01-28', 735, 1, 735735735, 68, 20),
(1117, 205, '2019-01-20', 988, 1, 988988988, 56, 16),
(1118, 430, '2019-01-16', 91, 2, 919191, 30, 14),
(1119, 263, '2019-01-11', 520, 2, 520520520, 57, 19),
(1120, 38, '2019-01-06', 390, 2, 390390390, 35, 20),
(1121, 86, '2019-01-22', 932, 2, 932932932, 63, 15),
(1122, 32, '2019-01-16', 77, 2, 777777, 24, 10),
(1123, 174, '2019-01-02', 86, 1, 868686, 87, 2),
(1124, 504, '2019-01-09', 435, 1, 435435435, 61, 5),
(1125, 440, '2019-01-24', 831, 1, 831831831, 20, 10),
(1126, 157, '2019-01-10', 772, 2, 772772772, 28, 7),
(1127, 269, '2019-01-04', 443, 2, 443443443, 42, 7),
(1128, 206, '2019-01-10', 856, 1, 856856856, 61, 5),
(1129, 312, '2019-01-28', 909, 2, 909909909, 96, 4),
(1130, 138, '2019-01-27', 961, 2, 961961961, 3, 18),
(1131, 112, '2019-01-25', 468, 2, 468468468, 89, 18),
(1132, 243, '2019-01-26', 380, 1, 380380380, 70, 9),
(1133, 367, '2019-01-26', 396, 1, 396396396, 112, 14),
(1134, 369, '2019-01-10', 650, 2, 650650650, 81, 18),
(1135, 308, '2019-01-29', 327, 2, 327327327, 48, 1),
(1136, 163, '2019-01-04', 337, 1, 337337337, 23, 1),
(1137, 196, '2019-01-28', 800, 1, 800800800, 12, 15),
(1138, 253, '2019-01-03', 393, 1, 393393393, 26, 10),
(1139, 341, '2019-01-11', 261, 1, 261261261, 71, 12),
(1140, 453, '2019-01-09', 93, 1, 939393, 76, 15),
(1141, 301, '2019-01-16', 943, 1, 943943943, 100, 3),
(1142, 448, '2019-01-21', 73, 2, 737373, 88, 6),
(1143, 442, '2019-01-26', 247, 1, 247247247, 64, 20),
(1144, 357, '2019-01-15', 602, 2, 602602602, 49, 16),
(1145, 406, '2019-01-30', 272, 1, 272272272, 8, 18),
(1146, 319, '2019-01-14', 840, 2, 840840840, 68, 11),
(1147, 367, '2019-01-21', 961, 2, 961961961, 12, 14),
(1148, 402, '2019-01-31', 457, 1, 457457457, 81, 2),
(1149, 228, '2019-01-09', 975, 1, 975975975, 69, 17),
(1150, 164, '2019-01-31', 56, 1, 565656, 34, 10),
(1151, 160, '2019-01-24', 597, 1, 597597597, 58, 12),
(1152, 341, '2019-01-19', 660, 2, 660660660, 77, 17),
(1153, 430, '2019-01-11', 967, 2, 967967967, 39, 12),
(1154, 515, '2019-01-25', 112, 2, 112112112, 73, 17),
(1155, 338, '2019-01-10', 158, 1, 158158158, 45, 19),
(1156, 160, '2019-01-30', 528, 1, 528528528, 41, 9),
(1157, 504, '2019-01-29', 805, 1, 805805805, 112, 7),
(1158, 267, '2019-01-07', 544, 1, 544544544, 79, 1),
(1159, 291, '2019-01-15', 535, 2, 535535535, 89, 3),
(1160, 363, '2019-01-21', 481, 2, 481481481, 64, 4),
(1161, 422, '2019-01-21', 356, 1, 356356356, 51, 7),
(1162, 115, '2019-01-06', 930, 1, 930930930, 4, 20),
(1163, 183, '2019-01-03', 408, 1, 408408408, 90, 6),
(1164, 461, '2019-01-21', 215, 1, 215215215, 7, 2),
(1165, 69, '2019-01-20', 595, 1, 595595595, 77, 3),
(1166, 425, '2019-01-07', 123, 1, 123123123, 37, 6),
(1167, 258, '2019-01-14', 708, 2, 708708708, 97, 13),
(1168, 103, '2019-01-22', 615, 2, 615615615, 63, 20),
(1169, 351, '2019-01-30', 199, 1, 199199199, 17, 9),
(1170, 59, '2019-01-05', 752, 1, 752752752, 1, 12),
(1171, 313, '2019-01-14', 498, 1, 498498498, 44, 13),
(1172, 441, '2019-01-21', 372, 1, 372372372, 52, 19),
(1173, 283, '2019-01-06', 486, 1, 486486486, 78, 11),
(1174, 195, '2019-01-12', 542, 1, 542542542, 104, 13),
(1175, 493, '2019-01-03', 614, 2, 614614614, 17, 20),
(1176, 242, '2019-01-20', 92, 1, 929292, 83, 7),
(1177, 401, '2019-01-31', 985, 1, 985985985, 48, 7),
(1178, 246, '2019-01-31', 658, 2, 658658658, 94, 16),
(1179, 395, '2019-01-15', 844, 2, 844844844, 87, 7),
(1180, 67, '2019-01-18', 55, 1, 555555, 104, 4),
(1181, 368, '2019-01-22', 197, 2, 197197197, 95, 20),
(1182, 300, '2019-01-21', 943, 2, 943943943, 15, 4),
(1183, 206, '2019-01-11', 416, 2, 416416416, 49, 6),
(1184, 183, '2019-01-28', 802, 2, 802802802, 53, 17),
(1185, 83, '2019-01-27', 87, 2, 878787, 87, 2),
(1186, 102, '2019-01-22', 613, 1, 613613613, 61, 11),
(1187, 276, '2019-01-14', 332, 2, 332332332, 103, 4),
(1188, 66, '2019-01-23', 114, 1, 114114114, 62, 14),
(1189, 394, '2019-01-08', 305, 1, 305305305, 101, 18),
(1190, 36, '2019-01-04', 862, 1, 862862862, 101, 6),
(1191, 491, '2019-01-17', 319, 2, 319319319, 82, 5),
(1192, 484, '2019-01-25', 116, 2, 116116116, 97, 8),
(1193, 386, '2019-01-15', 678, 1, 678678678, 91, 11),
(1194, 198, '2019-01-23', 645, 2, 645645645, 80, 10),
(1195, 341, '2019-01-02', 439, 1, 439439439, 100, 9),
(1196, 242, '2019-01-21', 946, 1, 946946946, 100, 12),
(1197, 276, '2019-01-10', 821, 2, 821821821, 17, 13),
(1198, 246, '2019-01-01', 488, 1, 488488488, 37, 15),
(1199, 398, '2019-01-21', 355, 1, 355355355, 66, 2),
(1200, 120, '2019-01-24', 943, 2, 943943943, 103, 14),
(1201, 426, '2019-01-20', 149, 2, 149149149, 40, 17),
(1202, 277, '2019-01-06', 796, 2, 796796796, 108, 6),
(1203, 282, '2019-01-09', 623, 1, 623623623, 64, 7),
(1204, 370, '2019-01-17', 243, 1, 243243243, 40, 14),
(1205, 393, '2019-01-25', 830, 1, 830830830, 12, 7),
(1206, 408, '2019-01-26', 623, 1, 623623623, 45, 9),
(1207, 504, '2019-01-25', 212, 2, 212212212, 55, 9),
(1208, 245, '2019-01-19', 410, 1, 410410410, 69, 20),
(1209, 227, '2019-01-06', 423, 2, 423423423, 21, 20),
(1210, 413, '2019-01-15', 160, 1, 160160160, 86, 8),
(1211, 449, '2019-01-03', 315, 1, 315315315, 21, 18),
(1212, 344, '2019-01-02', 582, 1, 582582582, 76, 16),
(1213, 245, '2019-01-10', 170, 2, 170170170, 26, 1),
(1214, 323, '2019-01-05', 450, 1, 450450450, 91, 20),
(1215, 286, '2019-01-02', 30, 2, 303030, 17, 12),
(1216, 28, '2019-01-01', 733, 2, 733733733, 30, 20),
(1217, 49, '2019-01-21', 256, 2, 256256256, 3, 9),
(1218, 194, '2019-01-30', 176, 2, 176176176, 40, 3),
(1219, 52, '2019-01-19', 636, 1, 636636636, 9, 8),
(1220, 502, '2019-01-29', 374, 2, 374374374, 18, 11),
(1221, 405, '2019-01-14', 154, 1, 154154154, 73, 17),
(1222, 77, '2019-01-13', 819, 1, 819819819, 34, 15),
(1223, 154, '2019-01-10', 479, 2, 479479479, 90, 17),
(1224, 217, '2019-01-24', 717, 1, 717717717, 5, 16),
(1225, 484, '2019-01-03', 165, 2, 165165165, 108, 13),
(1226, 515, '2019-01-18', 575, 2, 575575575, 12, 19),
(1227, 398, '2019-01-16', 404, 2, 404404404, 27, 17),
(1228, 433, '2019-01-11', 734, 2, 734734734, 111, 15),
(1229, 366, '2019-01-27', 73, 2, 737373, 80, 3),
(1230, 80, '2019-01-13', 100, 1, 100100100, 86, 12),
(1231, 446, '2019-01-23', 382, 2, 382382382, 7, 15),
(1232, 46, '2019-01-25', 798, 2, 798798798, 82, 1),
(1233, 372, '2019-01-28', 487, 1, 487487487, 101, 11),
(1234, 325, '2019-01-02', 279, 2, 279279279, 47, 1),
(1235, 339, '2019-01-26', 399, 2, 399399399, 53, 1),
(1236, 305, '2019-01-09', 188, 2, 188188188, 60, 14),
(1237, 146, '2019-01-30', 756, 1, 756756756, 2, 14),
(1238, 30, '2019-01-22', 632, 1, 632632632, 27, 15),
(1239, 179, '2019-01-15', 548, 1, 548548548, 85, 5),
(1240, 405, '2019-01-16', 847, 1, 847847847, 91, 8),
(1241, 109, '2019-01-31', 742, 1, 742742742, 46, 1),
(1242, 513, '2019-01-18', 327, 2, 327327327, 95, 13),
(1243, 375, '2019-01-24', 835, 2, 835835835, 9, 7),
(1244, 418, '2019-01-07', 937, 1, 937937937, 112, 7),
(1245, 57, '2019-01-22', 441, 2, 441441441, 74, 5),
(1246, 113, '2019-01-25', 336, 1, 336336336, 41, 15),
(1247, 324, '2019-01-22', 732, 1, 732732732, 94, 15),
(1248, 156, '2019-01-09', 153, 1, 153153153, 12, 4),
(1249, 315, '2019-01-27', 415, 2, 415415415, 62, 1),
(1250, 236, '2019-01-10', 341, 1, 341341341, 61, 2),
(1251, 322, '2019-01-20', 129, 2, 129129129, 86, 19),
(1252, 74, '2019-01-10', 239, 2, 239239239, 7, 11),
(1253, 237, '2019-01-30', 970, 2, 970970970, 31, 4),
(1254, 341, '2019-01-17', 875, 2, 875875875, 106, 6),
(1255, 100, '2019-01-16', 59, 2, 595959, 4, 11),
(1256, 202, '2019-01-30', 496, 2, 496496496, 79, 9),
(1257, 211, '2019-01-09', 23, 1, 232323, 41, 2),
(1258, 502, '2019-01-25', 148, 2, 148148148, 92, 1),
(1259, 399, '2019-01-29', 651, 1, 651651651, 35, 1),
(1260, 398, '2019-01-27', 289, 1, 289289289, 29, 8),
(1261, 242, '2019-01-03', 233, 2, 233233233, 31, 9),
(1262, 243, '2019-01-21', 83, 1, 838383, 90, 9),
(1263, 274, '2019-01-02', 626, 2, 626626626, 50, 10),
(1264, 169, '2019-01-04', 528, 2, 528528528, 36, 1),
(1265, 276, '2019-01-22', 343, 2, 343343343, 92, 1),
(1266, 369, '2019-01-21', 159, 2, 159159159, 63, 9),
(1267, 463, '2019-01-07', 742, 2, 742742742, 48, 17),
(1268, 76, '2019-01-29', 613, 1, 613613613, 83, 16),
(1269, 227, '2019-01-12', 291, 2, 291291291, 37, 13),
(1270, 426, '2019-01-27', 455, 1, 455455455, 102, 14),
(1271, 44, '2019-01-09', 601, 2, 601601601, 96, 9),
(1272, 363, '2019-01-21', 632, 1, 632632632, 10, 19),
(1273, 518, '2019-01-30', 584, 2, 584584584, 61, 10),
(1274, 356, '2019-01-14', 715, 2, 715715715, 14, 15),
(1275, 218, '2019-01-24', 903, 2, 903903903, 25, 7),
(1276, 40, '2019-01-21', 197, 1, 197197197, 73, 2),
(1277, 70, '2019-01-26', 431, 1, 431431431, 100, 11),
(1278, 421, '2019-01-20', 363, 1, 363363363, 13, 16),
(1279, 455, '2019-01-26', 788, 2, 788788788, 13, 19),
(1280, 39, '2019-01-07', 274, 1, 274274274, 3, 7),
(1281, 159, '2019-01-07', 358, 1, 358358358, 77, 18),
(1282, 195, '2019-01-08', 657, 1, 657657657, 81, 16),
(1283, 299, '2019-01-23', 695, 1, 695695695, 4, 5),
(1284, 417, '2019-01-27', 585, 2, 585585585, 33, 20),
(1285, 439, '2019-01-03', 614, 2, 614614614, 91, 5),
(1286, 201, '2019-01-04', 265, 1, 265265265, 98, 13),
(1287, 320, '2019-01-08', 255, 2, 255255255, 36, 14),
(1288, 139, '2019-01-10', 576, 1, 576576576, 67, 18),
(1289, 404, '2019-01-02', 631, 1, 631631631, 55, 8),
(1290, 459, '2019-01-25', 305, 1, 305305305, 83, 10),
(1291, 74, '2019-01-23', 49, 2, 494949, 31, 9),
(1292, 125, '2019-01-24', 550, 1, 550550550, 50, 9),
(1293, 485, '2019-01-22', 634, 1, 634634634, 16, 8),
(1294, 174, '2019-01-31', 539, 2, 539539539, 103, 15),
(1295, 181, '2019-01-05', 979, 2, 979979979, 89, 19),
(1296, 109, '2019-01-20', 24, 2, 242424, 17, 19),
(1297, 487, '2019-01-20', 139, 2, 139139139, 96, 6),
(1298, 420, '2019-01-25', 239, 1, 239239239, 112, 18),
(1299, 44, '2019-01-25', 680, 2, 680680680, 85, 11),
(1300, 122, '2019-01-01', 233, 2, 233233233, 82, 20),
(1301, 398, '2019-01-21', 632, 2, 632632632, 55, 14),
(1302, 171, '2019-01-03', 149, 2, 149149149, 50, 6),
(1303, 152, '2019-01-30', 672, 1, 672672672, 107, 8),
(1304, 511, '2019-01-31', 849, 2, 849849849, 101, 12),
(1305, 388, '2019-01-27', 611, 1, 611611611, 7, 18),
(1306, 56, '2019-01-23', 609, 1, 609609609, 38, 20),
(1307, 43, '2019-01-10', 364, 2, 364364364, 56, 4),
(1308, 510, '2019-01-07', 636, 1, 636636636, 106, 7),
(1309, 123, '2019-01-02', 584, 2, 584584584, 59, 7),
(1310, 492, '2019-01-28', 391, 1, 391391391, 59, 19),
(1311, 411, '2019-01-11', 475, 1, 475475475, 50, 16),
(1312, 497, '2019-01-24', 131, 2, 131131131, 56, 13),
(1313, 211, '2019-01-15', 163, 2, 163163163, 100, 4),
(1314, 255, '2019-01-26', 998, 1, 998998998, 71, 17),
(1315, 449, '2019-01-21', 3, 1, 333, 69, 6),
(1316, 288, '2019-01-05', 40, 1, 404040, 54, 17),
(1317, 262, '2019-01-20', 737, 2, 737737737, 33, 15),
(1318, 437, '2019-01-07', 153, 1, 153153153, 108, 12),
(1319, 186, '2019-01-31', 359, 2, 359359359, 15, 7),
(1320, 396, '2019-01-23', 226, 1, 226226226, 102, 12),
(1321, 383, '2019-01-12', 25, 1, 252525, 10, 4),
(1322, 486, '2019-01-04', 296, 1, 296296296, 5, 15),
(1323, 232, '2019-01-30', 857, 1, 857857857, 37, 9),
(1324, 508, '2019-01-17', 265, 2, 265265265, 98, 8),
(1325, 498, '2019-01-16', 80, 2, 808080, 73, 11),
(1326, 422, '2019-01-15', 725, 2, 725725725, 95, 12),
(1327, 476, '2019-01-20', 341, 1, 341341341, 64, 3),
(1328, 50, '2019-01-04', 795, 1, 795795795, 94, 19),
(1329, 417, '2019-01-16', 773, 1, 773773773, 38, 2),
(1330, 342, '2019-01-20', 338, 1, 338338338, 37, 8),
(1331, 249, '2019-01-08', 706, 1, 706706706, 104, 5),
(1332, 428, '2019-01-05', 109, 1, 109109109, 77, 15),
(1333, 113, '2019-01-31', 327, 2, 327327327, 62, 9),
(1334, 406, '2019-01-22', 8, 1, 888, 83, 11),
(1335, 442, '2019-01-06', 422, 2, 422422422, 75, 7),
(1336, 338, '2019-01-22', 493, 2, 493493493, 16, 19),
(1337, 289, '2019-01-25', 521, 2, 521521521, 47, 19),
(1338, 348, '2019-01-06', 51, 1, 515151, 76, 6),
(1339, 284, '2019-01-14', 716, 1, 716716716, 73, 4),
(1340, 313, '2019-01-14', 612, 2, 612612612, 105, 16),
(1341, 389, '2019-01-30', 711, 2, 711711711, 66, 2),
(1342, 246, '2019-01-23', 649, 1, 649649649, 39, 20),
(1343, 253, '2019-01-01', 525, 1, 525525525, 111, 1),
(1344, 46, '2019-01-02', 337, 1, 337337337, 62, 3),
(1345, 195, '2019-01-28', 793, 2, 793793793, 22, 6),
(1346, 228, '2019-01-11', 761, 2, 761761761, 68, 20),
(1347, 421, '2019-01-21', 568, 2, 568568568, 79, 6),
(1348, 61, '2019-01-02', 585, 2, 585585585, 8, 14),
(1349, 254, '2019-01-09', 473, 1, 473473473, 37, 11),
(1350, 325, '2019-01-08', 440, 1, 440440440, 29, 5),
(1351, 375, '2019-01-17', 991, 2, 991991991, 40, 9),
(1352, 460, '2019-01-21', 786, 2, 786786786, 11, 10),
(1353, 419, '2019-01-16', 153, 2, 153153153, 69, 18),
(1354, 364, '2019-01-20', 574, 2, 574574574, 55, 4),
(1355, 106, '2019-01-11', 816, 2, 816816816, 7, 13),
(1356, 132, '2019-01-06', 406, 1, 406406406, 16, 19),
(1357, 421, '2019-01-05', 382, 2, 382382382, 77, 7),
(1358, 174, '2019-01-25', 232, 2, 232232232, 40, 6),
(1359, 335, '2019-01-27', 68, 2, 686868, 58, 10),
(1360, 320, '2019-01-10', 950, 1, 950950950, 110, 8),
(1361, 386, '2019-01-14', 283, 2, 283283283, 1, 8),
(1362, 507, '2019-01-09', 302, 1, 302302302, 34, 6),
(1363, 294, '2019-01-09', 960, 1, 960960960, 76, 12),
(1364, 413, '2019-01-16', 748, 2, 748748748, 40, 19),
(1365, 100, '2019-01-06', 84, 2, 848484, 61, 12),
(1366, 459, '2019-01-01', 740, 2, 740740740, 45, 18),
(1367, 347, '2019-01-25', 389, 1, 389389389, 19, 10),
(1368, 230, '2019-01-07', 562, 2, 562562562, 47, 9),
(1369, 406, '2019-01-03', 104, 1, 104104104, 106, 15),
(1370, 180, '2019-01-27', 270, 1, 270270270, 67, 19),
(1371, 142, '2019-01-11', 670, 2, 670670670, 98, 18),
(1372, 48, '2019-01-04', 504, 1, 504504504, 88, 7),
(1373, 471, '2019-01-17', 185, 2, 185185185, 16, 15),
(1374, 198, '2019-01-15', 197, 2, 197197197, 69, 12),
(1375, 277, '2019-01-29', 797, 1, 797797797, 42, 19),
(1376, 174, '2019-01-18', 584, 2, 584584584, 9, 20),
(1377, 189, '2019-01-10', 956, 1, 956956956, 40, 2),
(1378, 234, '2019-01-28', 606, 1, 606606606, 75, 14),
(1379, 131, '2019-01-07', 115, 1, 115115115, 52, 6),
(1380, 392, '2019-01-15', 838, 2, 838838838, 44, 19),
(1381, 115, '2019-01-14', 343, 2, 343343343, 91, 11),
(1382, 188, '2019-01-26', 34, 1, 343434, 9, 6),
(1383, 363, '2019-01-18', 19, 2, 191919, 20, 17),
(1384, 193, '2019-01-03', 484, 1, 484484484, 54, 1),
(1385, 134, '2019-01-11', 180, 2, 180180180, 77, 13),
(1386, 499, '2019-01-03', 632, 1, 632632632, 13, 20),
(1387, 278, '2019-01-04', 441, 2, 441441441, 27, 5),
(1388, 171, '2019-01-29', 138, 1, 138138138, 33, 20),
(1389, 430, '2019-01-03', 361, 2, 361361361, 32, 3),
(1390, 479, '2019-01-26', 837, 1, 837837837, 20, 5),
(1391, 396, '2019-01-11', 220, 1, 220220220, 107, 4),
(1392, 474, '2019-01-10', 930, 1, 930930930, 22, 3),
(1393, 181, '2019-01-13', 176, 2, 176176176, 71, 10),
(1394, 168, '2019-01-06', 6, 1, 666, 92, 17),
(1395, 506, '2019-01-21', 972, 2, 972972972, 23, 5),
(1396, 294, '2019-01-16', 258, 1, 258258258, 38, 17),
(1397, 477, '2019-01-06', 490, 2, 490490490, 40, 6),
(1398, 381, '2019-01-08', 341, 1, 341341341, 4, 18),
(1399, 210, '2019-01-21', 2, 2, 222, 103, 16),
(1400, 84, '2019-01-15', 570, 2, 570570570, 87, 18),
(1401, 235, '2019-01-08', 75, 1, 757575, 44, 3),
(1402, 204, '2019-01-13', 575, 1, 575575575, 48, 5),
(1403, 410, '2019-01-10', 644, 2, 644644644, 53, 6),
(1404, 463, '2019-01-18', 629, 2, 629629629, 44, 17),
(1405, 433, '2019-01-13', 786, 2, 786786786, 102, 7),
(1406, 129, '2019-01-16', 518, 1, 518518518, 41, 10),
(1407, 270, '2019-01-31', 497, 1, 497497497, 55, 5),
(1408, 384, '2019-01-09', 588, 2, 588588588, 93, 17),
(1409, 343, '2019-01-04', 848, 1, 848848848, 13, 14),
(1410, 434, '2019-01-26', 890, 1, 890890890, 65, 3),
(1411, 20, '2019-01-15', 799, 1, 799799799, 105, 12),
(1412, 215, '2019-01-17', 958, 2, 958958958, 22, 12),
(1413, 30, '2019-01-01', 426, 1, 426426426, 88, 11),
(1414, 198, '2019-01-12', 242, 2, 242242242, 4, 2),
(1415, 173, '2019-01-28', 990, 1, 990990990, 54, 15),
(1416, 365, '2019-01-07', 116, 2, 116116116, 27, 20),
(1417, 102, '2019-01-21', 604, 2, 604604604, 101, 15),
(1418, 393, '2019-01-26', 336, 2, 336336336, 58, 20),
(1419, 370, '2019-01-29', 776, 1, 776776776, 19, 18),
(1420, 96, '2019-01-04', 88, 1, 888888, 57, 9),
(1421, 210, '2019-01-02', 948, 2, 948948948, 38, 15),
(1422, 85, '2019-01-30', 587, 2, 587587587, 41, 19),
(1423, 510, '2019-01-29', 304, 1, 304304304, 56, 4),
(1424, 378, '2019-01-15', 110, 1, 110110110, 72, 19),
(1425, 271, '2019-01-21', 456, 1, 456456456, 25, 18),
(1426, 255, '2019-01-05', 782, 2, 782782782, 55, 1),
(1427, 419, '2019-01-11', 725, 2, 725725725, 108, 15),
(1428, 106, '2019-01-01', 35, 2, 353535, 109, 14),
(1429, 170, '2019-01-16', 710, 1, 710710710, 67, 16),
(1430, 165, '2019-01-23', 813, 2, 813813813, 29, 3),
(1431, 265, '2019-01-03', 305, 1, 305305305, 60, 2),
(1432, 427, '2019-01-24', 682, 2, 682682682, 59, 1),
(1433, 299, '2019-01-21', 590, 2, 590590590, 104, 12),
(1434, 201, '2019-01-26', 640, 1, 640640640, 71, 12),
(1435, 374, '2019-01-16', 626, 1, 626626626, 23, 12),
(1436, 283, '2019-01-26', 974, 1, 974974974, 25, 19),
(1437, 191, '2019-01-23', 693, 2, 693693693, 73, 5),
(1438, 322, '2019-01-02', 656, 1, 656656656, 55, 10),
(1439, 93, '2019-01-12', 372, 2, 372372372, 57, 4),
(1440, 482, '2019-01-01', 25, 2, 252525, 47, 17),
(1441, 430, '2019-01-09', 625, 1, 625625625, 58, 7),
(1442, 138, '2019-01-05', 775, 2, 775775775, 58, 11),
(1443, 98, '2019-01-09', 80, 2, 808080, 66, 14),
(1444, 469, '2019-01-05', 978, 2, 978978978, 58, 8),
(1445, 114, '2019-01-09', 156, 1, 156156156, 63, 9),
(1446, 233, '2019-01-27', 92, 2, 929292, 66, 14),
(1447, 274, '2019-01-08', 198, 2, 198198198, 66, 18),
(1448, 297, '2019-01-11', 21, 1, 212121, 47, 20),
(1449, 116, '2019-01-29', 799, 2, 799799799, 3, 19),
(1450, 21, '2019-01-26', 755, 1, 755755755, 67, 5),
(1451, 60, '2019-01-25', 410, 1, 410410410, 84, 19),
(1452, 436, '2019-01-10', 877, 2, 877877877, 44, 4),
(1453, 52, '2019-01-02', 220, 2, 220220220, 84, 20),
(1454, 396, '2019-01-29', 555, 1, 555555555, 25, 6),
(1455, 323, '2019-01-19', 694, 1, 694694694, 52, 11),
(1456, 138, '2019-01-19', 893, 1, 893893893, 90, 5),
(1457, 28, '2019-01-01', 48, 1, 484848, 78, 1),
(1458, 158, '2019-01-29', 969, 2, 969969969, 70, 2),
(1459, 24, '2019-01-20', 540, 2, 540540540, 94, 2),
(1460, 105, '2019-01-09', 812, 1, 812812812, 15, 16),
(1461, 346, '2019-01-12', 35, 1, 353535, 82, 8),
(1462, 463, '2019-01-28', 323, 2, 323323323, 74, 2),
(1463, 492, '2019-01-10', 878, 1, 878878878, 101, 4),
(1464, 293, '2019-01-10', 454, 1, 454454454, 64, 15),
(1465, 168, '2019-01-20', 957, 2, 957957957, 3, 16),
(1466, 69, '2019-01-16', 327, 1, 327327327, 11, 2),
(1467, 104, '2019-01-12', 164, 1, 164164164, 12, 8),
(1468, 432, '2019-01-03', 31, 2, 313131, 3, 16),
(1469, 277, '2019-01-13', 727, 2, 727727727, 14, 14),
(1470, 423, '2019-01-02', 480, 1, 480480480, 84, 8),
(1471, 105, '2019-01-13', 569, 2, 569569569, 100, 12),
(1472, 494, '2019-01-18', 18, 2, 181818, 2, 1),
(1473, 406, '2019-01-01', 635, 1, 635635635, 3, 14),
(1474, 440, '2019-01-10', 794, 2, 794794794, 89, 14),
(1475, 410, '2019-01-03', 995, 2, 995995995, 83, 15),
(1476, 503, '2019-01-19', 488, 1, 488488488, 91, 1),
(1477, 395, '2019-01-28', 962, 2, 962962962, 36, 16),
(1478, 347, '2019-01-18', 253, 2, 253253253, 8, 16),
(1479, 353, '2019-01-30', 437, 2, 437437437, 13, 15),
(1480, 450, '2019-01-03', 756, 2, 756756756, 101, 5),
(1481, 43, '2019-01-28', 472, 2, 472472472, 24, 12),
(1482, 516, '2019-01-06', 534, 1, 534534534, 75, 8),
(1483, 462, '2019-01-25', 355, 2, 355355355, 82, 8),
(1484, 118, '2019-01-01', 595, 2, 595595595, 94, 19),
(1485, 388, '2019-01-28', 13, 2, 131313, 77, 1),
(1486, 27, '2019-01-21', 956, 2, 956956956, 106, 17),
(1487, 135, '2019-01-17', 608, 2, 608608608, 20, 17),
(1488, 391, '2019-01-12', 322, 2, 322322322, 111, 4),
(1489, 344, '2019-01-14', 834, 1, 834834834, 88, 7),
(1490, 36, '2019-01-20', 701, 1, 701701701, 110, 3),
(1491, 21, '2019-01-11', 959, 2, 959959959, 19, 6),
(1492, 220, '2019-01-13', 223, 1, 223223223, 97, 9),
(1493, 42, '2019-01-02', 470, 1, 470470470, 26, 6),
(1494, 43, '2019-01-21', 617, 2, 617617617, 64, 10),
(1495, 276, '2019-01-29', 293, 2, 293293293, 54, 14),
(1496, 49, '2019-01-24', 481, 1, 481481481, 40, 19),
(1497, 40, '2019-01-12', 373, 2, 373373373, 65, 8),
(1498, 218, '2019-01-18', 126, 1, 126126126, 32, 1),
(1499, 30, '2019-01-30', 415, 1, 415415415, 40, 19),
(1500, 109, '2019-01-20', 564, 1, 564564564, 61, 7);

-- --------------------------------------------------------

--
-- 資料表結構 `product`
--

CREATE TABLE `product` (
  `product_id` int(11) NOT NULL COMMENT '商品編號',
  `name` varchar(50) NOT NULL COMMENT '商品名稱',
  `price` int(10) NOT NULL COMMENT '商品價格',
  `sales_amount` int(11) NOT NULL COMMENT '平均每日銷售',
  `ingredient_1` text COMMENT '組合材料1',
  `i1_quantity` int(11) DEFAULT NULL,
  `ingredient_2` text COMMENT '組合材料2',
  `i2_quantity` int(11) DEFAULT NULL,
  `ingredient_3` text COMMENT '組合材料3',
  `i3_quantity` int(11) DEFAULT NULL,
  `ingredient_4` text COMMENT '組合材料4',
  `i4_quantity` int(11) DEFAULT NULL,
  `ingredient_5` text COMMENT '組合材料5',
  `i5_quantity` int(11) DEFAULT NULL
) ENGINE=InnoDB DEFAULT CHARSET=utf8;

--
-- 資料表的匯出資料 `product`
--

INSERT INTO `product` (`product_id`, `name`, `price`, `sales_amount`, `ingredient_1`, `i1_quantity`, `ingredient_2`, `i2_quantity`, `ingredient_3`, `i3_quantity`, `ingredient_4`, `i4_quantity`, `ingredient_5`, `i5_quantity`) VALUES
(1, '花生好事烤雞福堡', 90, 410, '麵包', 2, '雞肉', 1, '生菜', 1, '花生醬', 1, '洋蔥', 1),
(2, '摩斯多蜜和牛珍珠堡', 110, 410, '米', 2, '牛肉', 1, '番茄', 1, '洋蔥', 1, '生菜', 1),
(3, '輕檸鮭魚堡', 95, 410, '麵包', 2, '檸檬', 1, '生菜', 1, '魚肉', 1, '番茄', 1),
(4, '感恩火雞堡', 90, 410, '麵包', 2, '雞肉', 1, '生菜', 1, '番茄', 1, NULL, NULL),
(5, '藜麥燒肉珍珠堡(牛)', 75, 410, '藜麥米', 2, '牛肉', 1, '生菜', 1, '燒烤醬', 1, NULL, NULL),
(6, '燒肉珍珠堡(牛)', 70, 410, '米', 2, '牛肉', 1, '生菜', 1, '洋蔥', 1, '燒烤醬', 1),
(7, '藜麥薑燒珍珠堡', 70, 410, '藜麥米', 1, '豬肉', 1, '生菜', 1, '燒烤醬', 1, '薑', 1),
(8, '薑燒珍珠堡', 65, 410, '米', 2, '豬肉', 1, '生菜', 1, '燒烤醬', 1, '洋蔥', 1),
(9, '藜麥海洋珍珠堡', 80, 410, '藜麥米', 2, '蝦子', 5, '干貝', 3, '墨魚', 2, NULL, NULL),
(10, '海洋珍珠堡', 75, 410, '米', 2, '蝦子', 5, '干貝', 3, '墨魚', 2, NULL, NULL),
(11, '藜麥蓮藕牛蒡珍珠堡', 80, 410, '藜麥米', 2, '海苔', 1, '牛蒡', 2, '生菜', 1, '薑', 1),
(12, '藜麥杏鮑菇珍珠堡', 75, 410, '藜麥米', 2, '杏鮑菇', 2, '生菜', 1, '海苔', 1, NULL, NULL),
(13, '杏鮑菇珍珠堡', 70, 410, '米', 2, '杏鮑菇', 3, '生菜', 1, '海苔', 1, NULL, NULL),
(14, '藜麥元氣和牛珍珠堡(牛)', 110, 410, '藜麥米', 2, '雞蛋', 1, '生菜', 1, '牛肉', 1, '蔬菜醬', 1),
(15, '元氣和牛珍珠堡(牛)', 105, 410, '米', 2, '牛肉', 1, '雞蛋', 1, '生菜', 1, '蔬菜醬', 1),
(16, '摩斯漢堡(原味)(牛)', 70, 410, '麵包', 2, '番茄', 1, '牛肉', 1, '蔬菜醬', 1, NULL, NULL),
(17, '摩斯漢堡(辣味)(牛)', 70, 410, '麵包', 2, '番茄', 1, '牛肉', 1, '蔬菜醬', 1, '辣醬', 1),
(18, '摩斯吉士漢堡(原味)(牛)', 75, 410, '麵包', 2, '番茄', 1, '牛肉', 1, '起士', 1, '蔬菜醬', 1),
(19, '摩斯吉士漢堡(辣味)(牛)', 75, 410, '麵包', 2, '番茄', 1, '牛肉', 1, '起士', 1, '辣醬', 1),
(20, '蜜汁烤雞堡', 70, 410, '麵包', 2, '雞肉', 1, '生菜', 1, '美乃汁', 1, '蜜汁醬', 1),
(21, '蜜汁烤雞起司堡', 75, 410, '麵包', 2, '雞肉', 1, '生菜', 1, '起士', 1, '蜜汁醬', 1),
(22, '摩斯鱈魚堡', 70, 410, '麵包', 2, '魚肉', 1, '美乃滋', 1, '起士', 1, NULL, NULL),
(23, '輕檸雙牛堡', 100, 410, '麵包', 2, '牛肉', 1, '生菜', 1, '檸檬', 1, '燒烤醬', 1),
(24, '黃金炸蝦堡', 75, 410, '麵包', 2, '蝦子', 5, '生菜', 1, '美乃滋', 1, NULL, NULL),
(25, '摘鮮綠黃金炸蝦堡', 70, 410, '生菜', 3, '蝦子', 5, '塔塔醬\r\n', 1, NULL, NULL, NULL, NULL),
(26, '厚切培根和牛堡', 100, 410, '麵包', 2, '牛肉', 1, '培根', 1, '蛋', 1, NULL, NULL),
(27, '摩斯熱狗堡', 55, 410, '麵包\r\n', 1, '熱狗', 1, '番茄醬', 1, '洋蔥', 1, NULL, NULL),
(28, '辣味吉利熱狗堡', 70, 410, '麵包', 1, '熱狗', 1, '辣醬', 1, NULL, NULL, NULL, NULL),
(29, '蕈菇歐姆蛋堡', 60, 410, '麵包', 2, '蕈菇', 3, '蛋', 1, NULL, NULL, NULL, NULL),
(30, '咖哩豬排堡', 55, 410, '麵包', 2, '豬肉', 1, '起士', 1, '生菜', 1, '咖哩醬', 1),
(31, '黃金塔塔鱈魚堡', 70, 410, '麵包', 2, '魚肉', 1, '塔塔醬', 1, '生菜', 1, NULL, NULL),
(32, '元氣牛肉蛋堡', 65, 410, '麵包', 2, '雞蛋', 1, '牛肉', 1, '生菜', 1, NULL, NULL),
(33, '摩斯雞塊(6個)', 60, 410, '雞肉', 6, NULL, NULL, NULL, NULL, NULL, NULL, NULL, NULL),
(34, '培根雞蛋堡', 45, 410, '麵包', 2, '培根', 2, '雞蛋', 1, '生菜', 1, NULL, NULL),
(35, '番茄吉士蛋堡', 45, 410, '麵包', 2, '起士', 1, '生菜', 1, '番茄', 1, NULL, NULL),
(36, '火腿歐姆蛋堡', 45, 410, '麵包', 2, '火腿', 1, '雞蛋', 1, '生菜', 1, NULL, NULL),
(37, '早安和牛三明治', 55, 10, '吐司', 2, '牛肉', 1, '生菜', 1, NULL, NULL, NULL, NULL),
(38, '火腿蛋三明治', 40, 10, '吐司', 2, '火腿', 2, '生菜', 1, '雞蛋', 1, NULL, NULL),
(39, '日式豬排三明治', 40, 10, '吐司', 2, '豬肉', 1, '生菜', 1, NULL, NULL, NULL, NULL),
(40, '雞肉三明治', 40, 10, '吐司', 2, '雞肉', 1, '生菜', 1, '花生醬', 1, NULL, NULL),
(41, '香米蝦三明治', 40, 10, '吐司', 2, '蝦子', 5, '生菜', 1, NULL, NULL, NULL, NULL),
(42, '紫薯甜芋米派', 45, 45, '芋頭', 2, '澱粉', 1, NULL, NULL, NULL, NULL, NULL, NULL),
(43, '北海道栗南瓜可樂餅', 45, 45, '澱粉', 1, '南瓜', 2, NULL, NULL, NULL, NULL, NULL, NULL),
(44, '雞肉地瓜總匯沙拉', 65, 45, '生菜', 3, '雞蛋', 1, '番茄', 1, '雞肉', 1, '地瓜', 1),
(45, '摩斯肉醬起司薯條', 65, 45, '薯條', 5, '起士', 2, '肉醬', 1, NULL, NULL, NULL, NULL),
(46, '雞塊點心盒', 199, 45, '雞肉', 3, '薯條', 2, NULL, NULL, NULL, NULL, NULL, NULL),
(47, '歡聚點心盒', 199, 45, '雞肉', 5, '薯條', 4, NULL, NULL, NULL, NULL, NULL, NULL),
(48, '摩斯雞塊', 55, 45, '雞肉', 5, NULL, NULL, NULL, NULL, NULL, NULL, NULL, NULL),
(49, '薯條(L)', 45, 45, '薯條', 3, NULL, NULL, NULL, NULL, NULL, NULL, NULL, NULL),
(50, '薯條(S)', 35, 45, '薯條', 1, NULL, NULL, NULL, NULL, NULL, NULL, NULL, NULL),
(51, '雞塊薯條點心組', 60, 45, '雞肉', 6, '薯條', 3, NULL, NULL, NULL, NULL, NULL, NULL),
(52, '雞腿塊薯條組', 55, 45, '雞肉', 5, '薯條', 3, NULL, NULL, NULL, NULL, NULL, NULL),
(53, '方塊薯餅(3個)', 35, 45, '方塊薯餅', 3, NULL, NULL, NULL, NULL, NULL, NULL, NULL, NULL),
(54, '蝴蝶蝦方塊薯組', 60, 45, '蝦子', 5, '方塊薯餅', 3, NULL, NULL, NULL, NULL, NULL, NULL),
(55, '北海道咖哩可樂餅', 45, 45, '澱粉', 1, '咖哩醬', 1, NULL, NULL, NULL, NULL, NULL, NULL),
(56, '北海道可樂餅', 35, 45, '澱粉', 1, NULL, NULL, NULL, NULL, NULL, NULL, NULL, NULL),
(57, '和風雞腿塊', 65, 45, '雞肉', 3, NULL, NULL, NULL, NULL, NULL, NULL, NULL, NULL),
(58, '和風炸雞', 65, 45, '雞肉', 2, NULL, NULL, NULL, NULL, NULL, NULL, NULL, NULL),
(59, '抹茶紅豆千層派', 40, 45, '澱粉', 1, '紅豆', 2, '抹茶', 1, NULL, NULL, NULL, NULL),
(60, '帶骨香腸', 50, 10, '香腸', 1, NULL, NULL, NULL, NULL, NULL, NULL, NULL, NULL),
(61, '法蘭克熱狗', 35, 10, '熱狗', 1, NULL, NULL, NULL, NULL, NULL, NULL, NULL, NULL),
(62, '新夏威夷鮮蔬沙拉', 40, 45, '生菜', 5, '番茄', 1, '玉米', 1, NULL, NULL, NULL, NULL),
(63, '藜麥地瓜烤雞沙拉', 85, 45, '地瓜', 1, '雞肉', 1, '生菜', 5, NULL, NULL, NULL, NULL),
(64, '豚汁蔬菜湯', 50, 380, '豬肉', 1, '生菜', 1, NULL, NULL, NULL, NULL, NULL, NULL),
(65, '玉米濃湯', 40, 380, '玉米', 2, NULL, NULL, NULL, NULL, NULL, NULL, NULL, NULL),
(66, '鮮菇濃湯', 40, 380, '蕈菇', 2, NULL, NULL, NULL, NULL, NULL, NULL, NULL, NULL),
(67, '荔枝蒟蒻', 40, 10, '蒟蒻', 1, NULL, NULL, NULL, NULL, NULL, NULL, NULL, NULL),
(68, '榛果提拉米蘇', 70, 10, '榛果', 1, '提拉米蘇', 1, NULL, NULL, NULL, NULL, NULL, NULL),
(69, '蜂蜜檸檬蒟蒻', 40, 10, '蒟蒻', 1, '', NULL, NULL, NULL, NULL, NULL, NULL, NULL),
(70, '葡萄蒟蒻', 40, 10, '蒟蒻', 1, NULL, NULL, NULL, NULL, NULL, NULL, NULL, NULL),
(71, '鹽之花熱可可(M)', 65, 380, '可可粉', 1, NULL, NULL, NULL, NULL, NULL, NULL, NULL, NULL),
(72, '摩斯熱鮮果茶(M)', 65, 380, '蘋果', 1, '橘子', 1, NULL, NULL, NULL, NULL, NULL, NULL),
(73, '熱黑糖拿鐵咖啡(M)', 70, 380, '黑糖', 1, '牛奶', 1, '咖啡', 1, NULL, NULL, NULL, NULL),
(74, '冰黑糖蒟蒻茶歐蕾(L)', 85, 380, '蒟蒻', 1, '黑糖', 1, '紅茶', 1, '牛奶', 1, NULL, NULL),
(75, '摩斯玄米煎茶', 45, 380, '煎茶', 1, NULL, NULL, NULL, NULL, NULL, NULL, NULL, NULL),
(76, '100%台灣冰綠茶(無糖)(M)', 35, 380, '綠茶', 1, NULL, NULL, NULL, NULL, NULL, NULL, NULL, NULL),
(77, '100%台灣冰綠茶(無糖)(L)', 40, 380, '綠茶', 1, NULL, NULL, NULL, NULL, NULL, NULL, NULL, NULL),
(78, '錫蘭蜜香紅', 45, 380, '紅茶', 1, '蜂蜜', 1, NULL, NULL, NULL, NULL, NULL, NULL),
(79, '鹿耳島焙茶', 45, 380, '焙茶', 1, NULL, NULL, NULL, NULL, NULL, NULL, NULL, NULL),
(80, '熱紅絲絨馥莓摩卡咖啡(M)', 49, 380, '咖啡', 1, '牛奶', 1, NULL, NULL, NULL, NULL, NULL, NULL),
(81, '100%新鮮橘子汁', 80, 380, '橘子', 2, NULL, NULL, NULL, NULL, NULL, NULL, NULL, NULL),
(82, '熱抹茶拿鐵咖啡(M)', 70, 380, '抹茶', 1, '咖啡', 1, NULL, NULL, NULL, NULL, NULL, NULL),
(83, '摩斯熱紅茶', 40, 380, '紅茶', 1, NULL, NULL, NULL, NULL, NULL, NULL, NULL, NULL),
(84, '摩斯熱可可', 45, 380, '可可粉', 1, NULL, NULL, NULL, NULL, NULL, NULL, NULL, NULL),
(85, '摩斯特調紅茶歐蕾(L)', 75, 380, '紅茶', 1, '牛奶', 1, NULL, NULL, NULL, NULL, NULL, NULL),
(86, '熱抹茶拿鐵咖啡(L)', 85, 380, '抹茶', 1, '咖啡', 1, NULL, NULL, NULL, NULL, NULL, NULL),
(87, '冰抹茶拿鐵咖啡(L)', 85, 380, '抹茶', 1, '咖啡', 1, NULL, NULL, NULL, NULL, NULL, NULL),
(88, '熱摩斯咖啡(L)', 60, 380, '咖啡', 1, NULL, NULL, NULL, NULL, NULL, NULL, NULL, NULL),
(89, '冰抹茶拿鐵咖啡(M)', 70, 380, '抹茶', 1, '咖啡', 1, NULL, NULL, NULL, NULL, NULL, NULL),
(90, '熱摩斯咖啡(M)', 45, 380, '咖啡', 1, NULL, NULL, NULL, NULL, NULL, NULL, NULL, NULL),
(91, '冰摩斯咖啡(M)', 45, 380, '咖啡', 1, NULL, NULL, NULL, NULL, NULL, NULL, NULL, NULL),
(92, '冰摩斯咖啡(L)', 60, 380, '咖啡', 1, NULL, NULL, NULL, NULL, NULL, NULL, NULL, NULL),
(93, '熱摩斯奶茶(M)', 60, 380, '奶茶', 1, NULL, NULL, NULL, NULL, NULL, NULL, NULL, NULL),
(94, '熱拿鐵咖啡(L)', 80, 380, '咖啡', 1, '牛奶', 1, NULL, NULL, NULL, NULL, NULL, NULL),
(95, '熱拿鐵咖啡(M)', 65, 380, '咖啡', 1, '牛奶', 1, NULL, NULL, NULL, NULL, NULL, NULL),
(96, '冰拿鐵咖啡(L)', 80, 380, '咖啡', 1, '牛奶', 1, NULL, NULL, NULL, NULL, NULL, NULL),
(97, '冰拿鐵咖啡(M)', 65, 380, '咖啡', 1, '牛奶', 1, NULL, NULL, NULL, NULL, NULL, NULL),
(98, '熱卡布奇諾(L)', 80, 380, '咖啡', 1, '牛奶', 1, '肉桂粉', 1, NULL, NULL, NULL, NULL),
(99, '熱卡布奇諾(M)', 65, 380, '咖啡', 1, '牛奶', 1, '肉桂粉', 1, NULL, NULL, NULL, NULL),
(100, '冰紅茶(M)', 35, 380, '紅茶', 1, NULL, NULL, NULL, NULL, NULL, NULL, NULL, NULL),
(101, '冰紅茶(L)', 40, 380, '紅茶', 1, NULL, NULL, NULL, NULL, NULL, NULL, NULL, NULL),
(102, '早餐冰咖啡(M)', 35, 380, '咖啡', 1, NULL, NULL, NULL, NULL, NULL, NULL, NULL, NULL),
(103, '早餐冰咖啡(L)', 40, 380, '咖啡', 1, NULL, NULL, NULL, NULL, NULL, NULL, NULL, NULL),
(104, '可樂', 35, 380, '可樂', 1, NULL, NULL, NULL, NULL, NULL, NULL, NULL, NULL),
(105, '雪碧', 35, 380, '雪碧', 1, NULL, NULL, NULL, NULL, NULL, NULL, NULL, NULL),
(106, '摩斯蘋果汁', 35, 380, '蘋果', 3, NULL, NULL, NULL, NULL, NULL, NULL, NULL, NULL),
(107, '摩斯鮮乳', 35, 380, '牛奶', 2, NULL, NULL, NULL, NULL, NULL, NULL, NULL, NULL),
(108, '蘋果熱茶', 50, 380, '蘋果', 2, '紅茶', 2, NULL, NULL, NULL, NULL, NULL, NULL),
(109, '柚子熱茶', 50, 380, '柚子', 2, '綠茶', 2, NULL, NULL, NULL, NULL, NULL, NULL),
(110, '摩斯純淨天然水', 20, 380, '純淨水', 1, NULL, NULL, NULL, NULL, NULL, NULL, NULL, NULL),
(111, '摩斯純淨水', 16, 380, '純淨水', 1, NULL, NULL, NULL, NULL, NULL, NULL, NULL, NULL),
(112, '摩斯柑橘綜合果汁', 35, 380, '橘子', 1, '蘋果', 1, '柚子', 1, NULL, NULL, NULL, NULL);

-- --------------------------------------------------------

--
-- 資料表結構 `provide`
--

CREATE TABLE `provide` (
  `supplier_id` int(11) NOT NULL COMMENT '供應商的編號',
  `gift_id` int(11) NOT NULL COMMENT '給的贈品編號',
  `product_id` int(11) NOT NULL COMMENT '給的贈品編號的商品',
  `quantity` int(11) NOT NULL COMMENT '提供的數量'
) ENGINE=InnoDB DEFAULT CHARSET=utf8 COMMENT='supplier和gift之間關係';

--
-- 資料表的匯出資料 `provide`
--

INSERT INTO `provide` (`supplier_id`, `gift_id`, `product_id`, `quantity`) VALUES
(1, 1, 1, 20),
(1, 1, 2, 20),
(1, 1, 3, 20),
(1, 1, 4, 20),
(1, 1, 5, 20),
(1, 1, 6, 20),
(1, 1, 7, 20),
(1, 1, 8, 20),
(1, 1, 9, 20),
(1, 1, 10, 20),
(1, 1, 11, 20),
(1, 1, 12, 20),
(1, 1, 13, 20),
(1, 1, 14, 20),
(1, 1, 15, 20),
(1, 1, 16, 20),
(1, 1, 17, 20),
(1, 1, 18, 20),
(1, 1, 19, 20),
(1, 1, 20, 20),
(1, 1, 21, 20),
(1, 1, 22, 20),
(1, 1, 23, 20),
(1, 1, 24, 20),
(1, 1, 25, 20),
(1, 1, 26, 20),
(1, 1, 27, 20),
(1, 1, 28, 20),
(1, 1, 29, 20),
(1, 1, 30, 20),
(1, 1, 31, 20),
(1, 1, 32, 20),
(1, 1, 33, 20),
(1, 1, 34, 20),
(1, 1, 35, 20),
(1, 1, 36, 20),
(1, 1, 37, 20),
(1, 1, 38, 20),
(1, 1, 39, 20),
(1, 1, 40, 20),
(2, 1, 41, 20),
(2, 1, 42, 20),
(2, 1, 43, 20),
(2, 1, 44, 20),
(2, 1, 45, 20),
(2, 1, 46, 20),
(2, 1, 47, 20),
(2, 1, 48, 20),
(2, 1, 49, 20),
(2, 1, 50, 20);

-- --------------------------------------------------------

--
-- 資料表結構 `satisfy`
--

CREATE TABLE `satisfy` (
  `order_id` int(11) NOT NULL COMMENT '滿足哪個訂單',
  `product_id` int(11) NOT NULL COMMENT '訂單中的商品',
  `quantity` int(11) NOT NULL COMMENT '商品數量'
) ENGINE=InnoDB DEFAULT CHARSET=utf8;

--
-- 資料表的匯出資料 `satisfy`
--

INSERT INTO `satisfy` (`order_id`, `product_id`, `quantity`) VALUES
(1, 1, 2),
(1, 2, 1),
(2, 3, 3),
(3, 30, 1),
(4, 70, 2),
(4, 100, 1),
(5, 45, 1);

-- --------------------------------------------------------

--
-- 資料表結構 `store`
--

CREATE TABLE `store` (
  `store_id` int(11) NOT NULL COMMENT '店的編號',
  `store_name` text NOT NULL COMMENT '店名',
  `address` text NOT NULL COMMENT '店的地址',
  `phone` int(11) NOT NULL COMMENT '店的電話',
  `sales_money` int(11) NOT NULL COMMENT '銷售額'
) ENGINE=InnoDB DEFAULT CHARSET=utf8;

--
-- 資料表的匯出資料 `store`
--

INSERT INTO `store` (`store_id`, `store_name`, `address`, `phone`, `sales_money`) VALUES
(1, '指南店', '指南路', 123, 500),
(2, '松山店', '松山區', 9237566, 100);

-- --------------------------------------------------------

--
-- 資料表結構 `supplier`
--

CREATE TABLE `supplier` (
  `supplier_id` int(11) NOT NULL COMMENT '供應商編號',
  `supplier_name` text NOT NULL COMMENT '供應商名稱',
  `address` text NOT NULL COMMENT '供應商的地址',
  `phone` int(11) NOT NULL COMMENT '供應商的電話'
) ENGINE=InnoDB DEFAULT CHARSET=utf8;

--
-- 資料表的匯出資料 `supplier`
--

INSERT INTO `supplier` (`supplier_id`, `supplier_name`, `address`, `phone`) VALUES
(1, '土豪', '信義區', 9876543),
(2, '好吃', '木柵', 9123456);

-- --------------------------------------------------------

--
-- 資料表結構 `supply`
--

CREATE TABLE `supply` (
  `supplier_id` int(11) NOT NULL COMMENT '供應商編號',
  `ingredient_id` int(11) NOT NULL COMMENT '原料編號',
  `amount` int(11) NOT NULL COMMENT '供應商做出的原料數量',
  `date` date NOT NULL COMMENT '做出原料的日期',
  `shippingtime` int(11) NOT NULL COMMENT '運送時間'
) ENGINE=InnoDB DEFAULT CHARSET=utf8 COMMENT='supplier和ingredient之間關係';

--
-- 資料表的匯出資料 `supply`
--

INSERT INTO `supply` (`supplier_id`, `ingredient_id`, `amount`, `date`, `shippingtime`) VALUES
(1, 1, 50, '2019-01-01', 3),
(1, 2, 200, '2019-01-08', 5),
(1, 3, 375, '2019-01-02', 5),
(1, 4, 104, '2019-01-10', 6),
(1, 5, 9, '2019-01-02', 7),
(1, 6, 37, '2019-01-01', 5),
(1, 7, 186, '2019-01-10', 1),
(1, 8, 111, '2019-01-04', 6),
(1, 9, 237, '2019-01-06', 2),
(1, 10, 455, '2019-01-09', 4),
(1, 11, 416, '2019-01-02', 4),
(1, 12, 155, '2019-01-02', 3),
(1, 13, 220, '2019-01-01', 4),
(1, 14, 215, '2019-01-02', 6),
(1, 15, 351, '2019-01-09', 3),
(1, 16, 67, '2019-01-04', 2),
(1, 17, 289, '2019-01-05', 7),
(1, 18, 173, '2019-01-08', 2),
(1, 19, 126, '2019-01-10', 3),
(1, 20, 275, '2019-01-06', 2),
(1, 21, 404, '2019-01-07', 5),
(1, 22, 358, '2019-01-10', 1),
(1, 23, 260, '2019-01-07', 2),
(1, 24, 188, '2019-01-07', 2),
(1, 25, 366, '2019-01-04', 7),
(1, 26, 365, '2019-01-08', 6),
(1, 27, 141, '2019-01-02', 4),
(1, 28, 409, '2019-01-09', 7),
(1, 29, 136, '2019-01-10', 3),
(1, 30, 183, '2019-01-04', 2),
(1, 31, 82, '2019-01-05', 7),
(1, 32, 373, '2019-01-02', 5),
(1, 33, 404, '2019-01-05', 6),
(1, 34, 215, '2019-01-01', 7),
(1, 35, 11, '2019-01-08', 5),
(1, 36, 160, '2019-01-07', 3),
(1, 37, 338, '2019-01-10', 2),
(1, 38, 482, '2019-01-06', 1),
(1, 39, 149, '2019-01-04', 3),
(1, 40, 244, '2019-01-02', 4),
(1, 41, 189, '2019-01-09', 4),
(1, 42, 135, '2019-01-04', 3),
(1, 43, 67, '2019-01-08', 1),
(1, 44, 8, '2019-01-10', 3),
(1, 45, 37, '2019-01-02', 6),
(1, 46, 353, '2019-01-07', 3),
(1, 47, 12, '2019-01-08', 4),
(1, 48, 72, '2019-01-07', 6),
(1, 49, 445, '2019-01-05', 1),
(1, 50, 488, '2019-01-01', 1),
(1, 51, 438, '2019-01-01', 6),
(1, 52, 24, '2019-01-09', 7),
(1, 53, 215, '2019-01-08', 6),
(1, 54, 91, '2019-01-09', 3),
(2, 1, 242, '2019-01-27', 5),
(2, 2, 145, '2019-01-06', 4),
(2, 3, 405, '2019-01-08', 6),
(2, 4, 24, '2019-01-09', 5),
(2, 5, 138, '2019-01-29', 3),
(2, 6, 225, '2019-01-29', 1),
(2, 7, 72, '2019-01-11', 1),
(2, 8, 372, '2019-01-29', 3),
(2, 9, 190, '2019-01-12', 4),
(2, 10, 475, '2019-01-12', 3),
(2, 11, 194, '2019-01-06', 7),
(2, 12, 14, '2019-01-14', 4),
(2, 13, 124, '2019-01-19', 4),
(2, 14, 235, '2019-01-19', 3),
(2, 15, 231, '2019-01-23', 5),
(2, 16, 77, '2019-01-08', 7),
(2, 17, 131, '2019-01-29', 3),
(2, 18, 253, '2019-01-25', 2),
(2, 19, 291, '2019-01-24', 2),
(2, 20, 373, '2019-01-29', 5),
(2, 21, 51, '2019-01-31', 4),
(2, 22, 379, '2019-01-09', 3),
(2, 23, 310, '2019-01-04', 7),
(2, 24, 159, '2019-01-29', 5),
(2, 25, 1, '2019-01-11', 3),
(2, 26, 203, '2019-01-18', 1),
(2, 27, 296, '2019-01-19', 6),
(2, 28, 31, '2019-01-09', 7),
(2, 29, 326, '2019-01-02', 3),
(2, 30, 409, '2019-01-03', 1),
(2, 31, 446, '2019-01-03', 5),
(2, 32, 145, '2019-01-04', 2),
(2, 33, 254, '2019-01-19', 3),
(2, 34, 459, '2019-01-19', 3),
(2, 35, 99, '2019-01-21', 7),
(2, 36, 164, '2019-01-22', 7),
(2, 37, 248, '2019-01-21', 3),
(2, 38, 375, '2019-01-19', 3),
(2, 39, 250, '2019-01-10', 2),
(2, 40, 469, '2019-01-18', 3),
(2, 41, 250, '2019-01-13', 7),
(2, 42, 1, '2019-01-20', 1),
(2, 43, 61, '2019-01-30', 6),
(2, 44, 232, '2019-01-25', 6),
(2, 45, 110, '2019-01-01', 1),
(2, 46, 94, '2019-01-27', 4),
(2, 47, 347, '2019-01-23', 1),
(2, 48, 78, '2019-01-03', 7),
(2, 49, 44, '2019-01-21', 1),
(2, 50, 269, '2019-01-03', 4),
(2, 51, 464, '2019-01-13', 3),
(2, 52, 296, '2019-01-12', 6),
(2, 53, 179, '2019-01-18', 4),
(2, 54, 490, '2019-01-23', 1);

--
-- 已匯出資料表的索引
--

--
-- 資料表索引 `card`
--
ALTER TABLE `card`
  ADD PRIMARY KEY (`customer_id`,`card_id`);

--
-- 資料表索引 `combine`
--
ALTER TABLE `combine`
  ADD PRIMARY KEY (`product_id`,`store_id`),
  ADD KEY `store_id` (`store_id`);

--
-- 資料表索引 `customer`
--
ALTER TABLE `customer`
  ADD PRIMARY KEY (`customer_id`);

--
-- 資料表索引 `distribute`
--
ALTER TABLE `distribute`
  ADD PRIMARY KEY (`ingredient_id`,`store_id`),
  ADD KEY `store_id` (`store_id`);

--
-- 資料表索引 `gift`
--
ALTER TABLE `gift`
  ADD PRIMARY KEY (`gift_id`,`product_id`),
  ADD KEY `product_id` (`product_id`);

--
-- 資料表索引 `ingredient`
--
ALTER TABLE `ingredient`
  ADD PRIMARY KEY (`ingredient_id`);

--
-- 資料表索引 `orders`
--
ALTER TABLE `orders`
  ADD PRIMARY KEY (`order_id`),
  ADD KEY `customer_id` (`customer_id`),
  ADD KEY `store_id` (`store_id`);

--
-- 資料表索引 `product`
--
ALTER TABLE `product`
  ADD PRIMARY KEY (`product_id`);

--
-- 資料表索引 `provide`
--
ALTER TABLE `provide`
  ADD PRIMARY KEY (`supplier_id`,`gift_id`,`product_id`),
  ADD KEY `gift_id` (`gift_id`),
  ADD KEY `product_id` (`product_id`);

--
-- 資料表索引 `satisfy`
--
ALTER TABLE `satisfy`
  ADD PRIMARY KEY (`order_id`,`product_id`),
  ADD KEY `product_id` (`product_id`);

--
-- 資料表索引 `store`
--
ALTER TABLE `store`
  ADD PRIMARY KEY (`store_id`);

--
-- 資料表索引 `supplier`
--
ALTER TABLE `supplier`
  ADD PRIMARY KEY (`supplier_id`);

--
-- 資料表索引 `supply`
--
ALTER TABLE `supply`
  ADD PRIMARY KEY (`supplier_id`,`ingredient_id`),
  ADD KEY `ingredient_id` (`ingredient_id`);

--
-- 在匯出的資料表使用 AUTO_INCREMENT
--

--
-- 使用資料表 AUTO_INCREMENT `product`
--
ALTER TABLE `product`
  MODIFY `product_id` int(11) NOT NULL AUTO_INCREMENT COMMENT '商品編號', AUTO_INCREMENT=113;

--
-- 已匯出資料表的限制(Constraint)
--

--
-- 資料表的 Constraints `card`
--
ALTER TABLE `card`
  ADD CONSTRAINT `card_ibfk_1` FOREIGN KEY (`customer_id`) REFERENCES `customer` (`customer_id`);

--
-- 資料表的 Constraints `combine`
--
ALTER TABLE `combine`
  ADD CONSTRAINT `combine_ibfk_1` FOREIGN KEY (`product_id`) REFERENCES `product` (`product_id`),
  ADD CONSTRAINT `combine_ibfk_2` FOREIGN KEY (`store_id`) REFERENCES `store` (`store_id`);

--
-- 資料表的 Constraints `distribute`
--
ALTER TABLE `distribute`
  ADD CONSTRAINT `distribute_ibfk_1` FOREIGN KEY (`store_id`) REFERENCES `store` (`store_id`),
  ADD CONSTRAINT `distribute_ibfk_2` FOREIGN KEY (`ingredient_id`) REFERENCES `ingredient` (`ingredient_id`);

--
-- 資料表的 Constraints `gift`
--
ALTER TABLE `gift`
  ADD CONSTRAINT `gift_ibfk_1` FOREIGN KEY (`product_id`) REFERENCES `product` (`product_id`);

--
-- 資料表的 Constraints `orders`
--
ALTER TABLE `orders`
  ADD CONSTRAINT `orders_ibfk_1` FOREIGN KEY (`customer_id`) REFERENCES `customer` (`customer_id`),
  ADD CONSTRAINT `orders_ibfk_2` FOREIGN KEY (`store_id`) REFERENCES `store` (`store_id`);

--
-- 資料表的 Constraints `provide`
--
ALTER TABLE `provide`
  ADD CONSTRAINT `provide_ibfk_1` FOREIGN KEY (`supplier_id`) REFERENCES `supplier` (`supplier_id`),
  ADD CONSTRAINT `provide_ibfk_2` FOREIGN KEY (`gift_id`) REFERENCES `gift` (`gift_id`),
  ADD CONSTRAINT `provide_ibfk_3` FOREIGN KEY (`product_id`) REFERENCES `product` (`product_id`);

--
-- 資料表的 Constraints `satisfy`
--
ALTER TABLE `satisfy`
  ADD CONSTRAINT `satisfy_ibfk_1` FOREIGN KEY (`order_id`) REFERENCES `orders` (`order_id`),
  ADD CONSTRAINT `satisfy_ibfk_2` FOREIGN KEY (`product_id`) REFERENCES `product` (`product_id`);

--
-- 資料表的 Constraints `supply`
--
ALTER TABLE `supply`
  ADD CONSTRAINT `supply_ibfk_1` FOREIGN KEY (`supplier_id`) REFERENCES `supplier` (`supplier_id`),
  ADD CONSTRAINT `supply_ibfk_2` FOREIGN KEY (`ingredient_id`) REFERENCES `ingredient` (`ingredient_id`);
COMMIT;

/*!40101 SET CHARACTER_SET_CLIENT=@OLD_CHARACTER_SET_CLIENT */;
/*!40101 SET CHARACTER_SET_RESULTS=@OLD_CHARACTER_SET_RESULTS */;
/*!40101 SET COLLATION_CONNECTION=@OLD_COLLATION_CONNECTION */;
